datetime,co2,motion,temperature,light,sound_mean_voltage,sound_rms_voltage,sound_relative_dbm,target
2017-12-22 10:50:00,390.0,5,24.9465,62.175,0.35950000000000004,0.5393376165961686,13.78999343694774,1.0
2017-12-22 10:55:00,392.0,7,25.0195,64.85,0.17174999999999999,0.22764834017756042,11.231103732772796,1.0
2017-12-22 11:00:00,402.22222222222223,5,25.051388888888887,65.19444444444444,0.22972222222222222,0.2875017096053063,12.660284747161167,1.0
2017-12-22 11:05:00,411.0,1,25.089750000000002,64.92500000000001,0.1125,0.15444548318858511,8.428464257945002,1.0
2017-12-22 11:10:00,425.0,2,25.1225,66.025,0.21125,0.2702534126820614,12.38892449444284,1.0
2017-12-22 11:15:00,430.5,2,25.149749999999997,65.7,0.16474999999999998,0.19486192690707335,11.113021245794284,1.0
2017-12-22 11:20:00,440.0,2,25.1935,66.525,0.20074999999999996,0.2229580949384521,11.957659506666996,1.0
2017-12-22 11:25:00,448.75,12,25.2934375,86.71875,0.386875,0.4729004374650284,17.63750937326198,1.0
2017-12-22 11:30:00,449.5,9,25.350749999999998,129.8,0.46424999999999994,0.5479180426179227,19.7883525213587,2.0
2017-12-22 11:35:00,462.5,7,25.3875,129.41666666666666,0.5345833333333333,0.6402025881233899,20.977671429997756,2.0
2017-12-22 11:40:00,499.0,12,25.43325,128.85000000000002,0.55225,0.6530142613703571,20.3648792659698,2.0
2017-12-22 11:45:00,532.0,11,25.47775,129.25,0.34425000000000006,0.4575242092675196,16.930097831580614,2.0
2017-12-22 11:50:00,554.4444444444445,11,25.520555555555553,129.52777777777777,0.3027777777777778,0.36823143584235407,15.847794244371178,2.0
2017-12-22 11:55:00,573.0,19,25.659750000000003,130.85,0.68775,0.8319301460486502,23.514082775889484,2.0
2017-12-22 12:00:00,594.5,5,26.018,133.175,0.20849999999999996,0.31696392562551323,11.535189804629379,2.0
2017-12-22 12:05:00,598.0,7,26.009,134.20000000000002,0.21725,0.26487725704656045,12.766181606392912,2.0
2017-12-22 12:10:00,624.5,11,26.09725,134.475,0.46325,0.4928502739236091,21.388005795457396,2.0
2017-12-22 12:15:00,632.2222222222222,14,26.205277777777777,134.05555555555554,0.43972222222222224,0.46317120338600104,21.32228838168738,2.0
2017-12-22 12:20:00,642.2222222222222,6,26.258888888888887,135.13888888888889,0.3080555555555555,0.3529791234196837,16.787732330039585,2.0
2017-12-22 12:25:00,643.0,4,26.33125,137.6,0.26575000000000004,0.38800174646267555,13.780603883517042,2.0
2017-12-22 12:30:00,655.0,19,26.404249999999998,170.75,0.891,1.0600260598404456,26.23341577071931,3.0
2017-12-22 12:35:00,678.0,20,26.522,172.875,1.3705,1.7922727787740218,29.254624648866393,3.0
2017-12-22 12:40:00,696.0,9,26.543999999999997,173.20000000000002,0.7124999999999999,0.7660183318750518,25.670718412310514,3.0
2017-12-22 13:05:00,811.25,8,26.435624999999998,177.75,0.954375,1.196899052301693,26.296357288008217,3.0
2017-12-22 13:10:00,831.5,18,26.469,177.0,1.30225,1.6705845957869863,28.631249233279885,3.0
2017-12-22 13:15:00,846.6666666666666,14,26.453333333333337,179.38888888888889,0.9069444444444443,1.1098863387042082,25.413941825577957,3.0
2017-12-22 13:20:00,856.0,19,26.43075,188.725,0.92275,1.1813174757046538,25.43918987776658,3.0
2017-12-22 13:25:00,872.2222222222222,8,26.451666666666668,187.72222222222223,0.3883333333333333,0.6932301630926196,14.017197709822495,3.0
2017-12-22 13:30:00,872.2222222222222,15,26.421388888888888,191.02777777777777,0.9147222222222222,1.126371968710656,26.379274015858325,2.0
2017-12-22 13:35:00,859.5,16,26.394,191.25,1.0415,1.1319514286597925,27.81126093111742,2.0
2017-12-22 13:40:00,886.0,17,26.398249999999997,192.14999999999998,0.7895,1.0898148018728957,23.053379132960313,3.0
2017-12-22 13:45:00,893.5,14,26.3515,191.575,0.2685,0.3062183488766523,15.479557525789675,3.0
2017-12-22 13:50:00,912.2222222222222,13,26.38222222222222,191.80555555555554,0.42027777777777775,0.5995691592763851,18.003112617568632,3.0
2017-12-22 13:55:00,932.5,9,26.405749999999998,191.97500000000002,0.41200000000000003,0.5662147539904021,17.039699926300088,3.0
2017-12-22 14:00:00,939.5,8,26.41125,192.77499999999998,0.15425,0.18006440333874124,12.235044936450656,3.0
2017-12-22 14:05:00,966.5,14,26.451999999999998,191.02500000000003,0.45125,0.6648495784861358,17.76090226020045,3.0
2017-12-22 14:10:00,960.0,14,26.49666666666667,188.02777777777777,0.7047222222222222,0.9512487893718848,22.413701260071026,3.0
2017-12-22 14:15:00,963.8888888888889,7,26.415277777777774,63.66666666666667,0.5891666666666666,1.0061656054125883,15.57620386562149,0.0
2017-12-22 14:20:00,967.5,0,26.301500000000004,49.599999999999994,0.067,0.0683740822884484,6.317461835622403,0.0
2017-12-22 14:25:00,957.5,2,26.23575,49.975,0.12050000000000001,0.17023042291938292,9.069229577575172,0.0
2017-12-22 14:30:00,896.0,0,26.18675,49.625,0.07200000000000001,0.0741502000729844,6.8838660294338325,0.0
2017-12-22 14:35:00,841.0,0,26.1425,47.65,0.06475,0.06641557250057094,6.0137343240150685,0.0
2017-12-22 14:40:00,824.4444444444445,0,26.104444444444447,47.5,0.06277777777777778,0.06304314899330665,5.8490052819138825,0.0
2017-12-22 14:45:00,788.5,0,26.07625,47.225,0.067,0.06778046583638615,6.392413563267589,0.0
2017-12-22 14:50:00,754.0,0,26.052499999999995,45.375,0.061,0.061139698302822065,5.6101700436253505,0.0
2017-12-22 14:55:00,728.0,0,26.02525,42.475,0.06475,0.06515133827659216,6.0985585048734245,0.0
2017-12-22 15:00:00,704.0,0,25.991249999999997,42.75,0.06175,0.06204801648717726,5.724374032197614,0.0
2017-12-22 15:05:00,686.875,0,25.971874999999997,43.0,0.0665625,0.06778507026325328,6.28884742363454,0.0
2017-12-22 15:10:00,671.5,0,25.955750000000002,39.625,0.0685,0.07005092232536325,6.488265867214336,0.0
2017-12-22 15:15:00,635.5,0,25.93925,39.75,0.06425,0.06525167720582087,6.019942011396285,0.0
2017-12-22 15:20:00,602.5,0,25.926875,39.25,0.06218750000000001,0.062277490206700745,5.796794688824302,0.0
2017-12-22 15:25:00,592.2222222222222,5,25.929166666666667,68.58333333333333,0.18,0.250309194100412,11.082374678084182,1.0
2017-12-22 15:30:00,581.5,0,25.934500000000003,67.125,0.27375,0.4181519490058445,12.184445675325954,1.0
2017-12-22 15:35:00,572.5,2,25.924750000000003,65.225,0.24525,0.3604853835864829,12.783729239669995,1.0
2017-12-22 15:40:00,569.0,2,25.92425,64.97500000000001,0.15425,0.1833459149971169,11.093898949570747,1.0
2017-12-22 15:45:00,568.5,3,25.9375,64.5,0.16374999999999998,0.2509334512553975,8.985441430925926,1.0
2017-12-22 15:50:00,587.2222222222222,2,25.934166666666666,61.52777777777778,0.12166666666666669,0.14869986043941158,9.306389171127087,1.0
2017-12-22 15:55:00,595.5,2,25.924,59.325,0.08075,0.08709246752334096,7.316937327116625,1.0
2017-12-22 16:00:00,593.8888888888889,3,25.919444444444444,58.33333333333333,0.0925,0.10407014799912995,8.180454669792294,1.0
2017-12-22 16:05:00,600.0,3,25.923499999999997,56.425,0.2195,0.4065029699821445,10.644608128683412,1.0
2017-12-22 16:10:00,610.5,4,25.927,55.175,0.07200000000000001,0.07330870393975486,6.813039197783229,1.0
2017-12-22 16:15:00,613.8888888888889,1,25.924166666666668,53.361111111111114,0.10694444444444444,0.13741389352017727,8.401166094207902,1.0
2017-12-22 16:20:00,619.5,2,25.92275,51.325,0.10375000000000001,0.12609093607390987,8.33586584874868,1.0
2017-12-22 16:25:00,622.5,8,25.933500000000002,49.775,0.17375,0.2291105932061298,11.491029098016595,1.0
2017-12-22 16:30:00,620.5555555555555,15,25.93777777777778,87.38888888888889,0.8788888888888888,1.0204622122185691,26.549341967177696,2.0
2017-12-22 16:35:00,629.0,6,25.9445,91.3,0.622,0.7749382992418175,22.379122061800032,2.0
2017-12-22 16:40:00,635.0,6,25.966944444444444,89.02777777777777,0.2738888888888889,0.40160698345581475,13.941018215437971,2.0
2017-12-22 16:45:00,659.5,7,25.9715,87.72500000000001,0.2925,0.43562616590826836,14.609455820323756,2.0
2017-12-22 16:50:00,685.0,9,25.9835,86.25,0.6795,0.8721677829509732,22.526505479977402,2.0
2017-12-22 16:55:00,703.8888888888889,9,25.990000000000002,85.38888888888889,0.595,0.8863427422644832,19.684240453579697,2.0
2017-12-22 17:00:00,718.5,13,25.99575,84.29999999999998,0.386,0.7322548014853009,14.000864007299189,2.0
2017-12-22 17:05:00,730.5555555555555,10,25.99861111111111,83.13888888888889,0.5425,0.748906444547624,17.08221513608793,2.0
2017-12-22 17:10:00,743.5,8,26.016,82.625,0.316,0.4751660536381206,14.026092168675959,2.0
2017-12-22 17:15:00,753.5,9,26.0235,81.85,0.501,0.9234298080667858,14.530860452530465,2.0
2017-12-22 17:20:00,774.0,13,26.01825,81.125,0.6237499999999999,0.83860788401925,19.72345947220738,2.0
2017-12-22 17:25:00,797.0,15,26.0165,80.85,0.7647499999999999,1.104195821516364,20.66145020005754,2.0
2017-12-22 17:30:00,808.3333333333334,16,26.043888888888887,93.83333333333333,0.7472222222222222,1.023340851220732,22.63093845177416,2.0
2017-12-22 17:35:00,829.0,14,26.07175,145.475,0.30425,0.5172928854783208,14.447441606570354,3.0
2017-12-22 17:40:00,829.5,15,26.08875,144.5,0.62725,0.9110237556859702,19.63656915569842,3.0
2017-12-22 17:45:00,859.5,12,26.102000000000004,144.575,0.5175000000000001,0.6797798139286332,18.34367281031521,3.0
2017-12-22 17:50:00,881.875,14,26.2965625,143.46875,0.4756250000000001,0.7749628012109041,17.432829407809933,3.0
2017-12-22 17:55:00,902.0,18,26.347,142.70000000000002,0.6509999999999999,0.9090218355372516,20.58501100242274,3.0
2017-12-22 18:00:00,957.2222222222222,9,26.265555555555554,142.91666666666669,0.6777777777777777,0.918790621693842,22.25830231183644,3.0
2017-12-22 18:05:00,984.0,10,26.273249999999997,142.4,0.5832499999999999,0.7503985038048945,22.286058408770536,3.0
2017-12-22 18:10:00,1006.6666666666666,13,26.24888888888889,142.69444444444446,0.7302777777777778,0.9921641469145626,20.985521601092856,3.0
2017-12-22 18:15:00,1031.6666666666667,11,26.258333333333333,142.69444444444446,0.4986111111111111,0.6557476625043065,20.776547858235492,3.0
2017-12-22 18:20:00,1058.0,11,26.2605,142.77499999999998,0.66975,0.8009288958686956,23.732597984265404,3.0
2017-12-22 18:25:00,1079.0,14,26.31125,143.7,0.727,0.9404055432627737,23.05771706490914,3.0
2017-12-22 18:30:00,1103.5,14,26.310250000000003,143.925,1.0665,1.156824291558204,28.278741742184888,3.0
2017-12-22 18:35:00,1130.5,17,26.351,143.425,0.7992500000000001,0.9293781232798032,25.121252757452453,3.0
2017-12-22 18:40:00,1160.0,6,26.348333333333333,144.02777777777777,0.5027777777777777,0.6945731525053683,18.743477525265654,3.0
2017-12-22 18:45:00,1175.5555555555557,10,26.417499999999997,144.11111111111111,0.8686111111111111,1.1120383712899133,23.57584846191184,3.0
2017-12-22 18:50:00,1200.0,5,26.582749999999997,144.425,0.46825,0.7340598630857099,17.078900912976625,3.0
2017-12-22 18:55:00,1197.5,9,26.635999999999996,145.025,0.47825,0.6476686270661676,19.18048921039337,3.0
2017-12-22 19:00:00,1211.5,14,26.686249999999994,145.125,0.9252499999999999,1.110158360916296,25.300848802076967,3.0
2017-12-22 19:05:00,1221.111111111111,7,26.684444444444445,145.19444444444446,0.8094444444444444,1.0148174115604025,23.384551744242756,3.0
2017-12-22 19:10:00,1205.5,8,26.688000000000002,145.4,0.42325,0.577054981822128,17.828214020132943,3.0
2017-12-22 19:15:00,1217.0,15,26.744750000000003,143.02499999999998,0.8525,0.9470043149791053,26.28137706603747,3.0
2017-12-22 19:20:00,1222.0,16,26.73925,137.225,0.83575,1.0800189159261846,24.639606448204344,3.0
2017-12-22 19:25:00,1250.5555555555557,4,26.732499999999998,137.80555555555554,0.5033333333333333,0.7249512333416884,18.733057015881645,3.0
2017-12-22 19:30:00,1253.75,7,26.769374999999997,138.0625,0.7893749999999999,0.9174812278761701,24.417211448540822,3.0
2017-12-22 19:35:00,1260.0,6,26.559375,60.375,0.80375,0.9766783223195082,23.53760825999273,3.0
2017-12-22 19:40:00,1233.3333333333333,0,26.3925,0.0,0.060000000000000005,0.06013696765124069,5.4716126499147775,0.0
2017-12-22 19:45:00,1173.0,0,26.278,0.0,0.06375,0.06428279004880931,5.903482506200333,0.0
2017-12-22 19:50:00,1129.5,0,26.214000000000002,0.0,0.0625,0.0626858360557581,5.820407254489782,0.0
2017-12-22 19:55:00,1086.6666666666667,0,26.14861111111111,0.0,0.059444444444444446,0.05962113375713952,5.368809260076662,0.0
2017-12-22 20:00:00,1037.5,0,26.09475,0.0,0.06075,0.06097200554509678,5.533391620625922,0.0
2017-12-22 20:05:00,1015.0,0,26.04,0.0,0.06225,0.06251840184687796,5.755240370242278,0.0
2017-12-22 20:10:00,988.0,0,26.002000000000002,0.0,0.06,0.06017053226053766,5.4268542079714965,0.0
2017-12-22 20:15:00,960.5555555555555,0,25.969166666666666,0.0,0.06861111111111112,0.07158185730741108,6.371268367050056,0.0
2017-12-22 20:20:00,925.5,0,25.92275,0.0,0.06175,0.06198798643386812,5.712230034953313,0.0
2017-12-22 20:25:00,895.0,0,25.883611111111108,0.0,0.06055555555555556,0.060722576366392174,5.521324429185577,0.0
2017-12-22 20:30:00,861.5,0,25.8875,0.0,0.06,0.060268880663554986,5.423574594207412,0.0
2017-12-22 20:35:00,830.5555555555555,0,25.858055555555556,0.0,0.06055555555555556,0.06076231085154821,5.492906361159253,0.0
2017-12-22 20:40:00,808.8888888888889,0,25.83888888888889,0.0,0.06027777777777778,0.060470834978543817,5.477334848048007,0.0
2017-12-22 20:45:00,793.0,0,25.802,0.0,0.058,0.0581902721543935,5.082428724950682,0.0
2017-12-22 20:50:00,767.5,0,25.788500000000003,0.0,0.058750000000000004,0.05893103734753878,5.210155436675046,0.0
2017-12-22 20:55:00,746.0,0,25.7695,0.0,0.05825,0.05845260802402441,5.1159925789387,0.0
2017-12-22 21:00:00,725.0,0,25.732,0.0,0.0595,0.05967185118638485,5.314962583274718,0.0
2017-12-22 21:05:00,708.8888888888889,0,25.716666666666665,0.0,0.06027777777777778,0.06045257393192732,5.493981083257697,0.0
2017-12-22 21:10:00,683.5,0,25.698999999999998,0.0,0.06275,0.06340094940628486,5.8274917325868865,0.0
2017-12-22 21:15:00,661.0,0,25.688499999999998,0.0,0.06125,0.0614487975535076,5.664742278337885,0.0
2017-12-22 21:20:00,640.5,0,25.67375,0.0,0.061,0.06115137446514894,5.647980761266053,0.0
2017-12-22 21:25:00,621.5,0,25.64875,0.0,0.06125,0.06139970111650138,5.658625050129379,0.0
2017-12-22 21:30:00,600.0,0,25.644166666666663,0.0,0.061944444444444455,0.06210607236539824,5.765845367222516,0.0
2017-12-22 21:35:00,588.3333333333334,0,25.627222222222223,0.0,0.06194444444444445,0.06229049485381282,5.729883093416251,0.0
2017-12-22 21:40:00,569.0,0,25.616750000000003,0.0,0.0615,0.061639994711225644,5.699855480035234,0.0
2017-12-22 21:45:00,552.0,0,25.6045,0.0,0.06,0.06020297327122411,5.461294852675403,0.0
2017-12-22 21:50:00,533.0,0,25.5905,0.0,0.06025,0.0603898495234022,5.547560576820133,0.0
2017-12-22 21:55:00,512.2222222222222,0,25.578888888888887,0.0,0.06333333333333334,0.06447131199096764,5.7674366911694985,0.0
2017-12-22 22:00:00,501.5,0,25.57225,0.0,0.06275,0.06369205326949229,5.810377357525297,0.0
2017-12-22 22:05:00,484.5,0,25.57575,0.0,0.06175,0.0618909410859025,5.737806296177004,0.0
2017-12-22 22:10:00,473.5,0,25.566,0.0,0.06125,0.06137216682521312,5.670859506546391,0.0
2017-12-22 22:15:00,464.5,0,25.53875,0.0,0.05875,0.05894021207852329,5.301152455197043,0.0
2017-12-22 22:20:00,453.8888888888889,0,25.535000000000004,0.0,0.06055555555555556,0.060740507050142015,5.56638873242159,0.0
2017-12-22 22:25:00,441.5,0,25.52675,0.0,0.05925,0.059392163339908266,5.380333701244668,0.0
2017-12-22 22:30:00,432.22222222222223,0,25.521944444444443,0.0,0.059444444444444446,0.05977832910203181,5.347188112282013,0.0
2017-12-22 22:35:00,419.5,0,25.51175,0.0,0.0615,0.06172150192864262,5.695468517881482,0.0
2017-12-22 22:40:00,410.0,0,25.514999999999997,0.0,0.06027777777777778,0.060469679307804176,5.534070473908752,0.0
2017-12-22 22:45:00,407.0,0,25.49975,0.0,0.058249999999999996,0.05847061389300246,5.171532063539833,0.0
2017-12-22 22:50:00,393.0,0,25.48825,0.0,0.0595,0.059713636156070206,5.362745032785304,0.0
2017-12-22 22:55:00,390.0,0,25.471500000000002,0.0,0.057749999999999996,0.05794436825864716,5.113449657389436,0.0
2017-12-22 23:00:00,390.0,0,25.4735,0.0,0.05875,0.05894655128206319,5.219019820155261,0.0
2017-12-22 23:05:00,390.0,0,25.47361111111111,0.0,0.05944444444444445,0.059664538822116954,5.354085542705587,0.0
2017-12-22 23:10:00,390.0,0,25.4605,0.0,0.06025,0.06052765496816764,5.490290826164246,0.0
2017-12-22 23:15:00,385.5,0,25.442,0.0,0.05925,0.05944523235621599,5.33091144485204,0.0
2017-12-22 23:20:00,385.0,0,25.412,0.0,0.057499999999999996,0.05766749686879717,5.07997626257413,0.0
2017-12-22 23:25:00,385.0,0,25.41916666666667,0.0,0.06055555555555556,0.060756964484969436,5.449764575761854,0.0
2017-12-22 23:30:00,385.0,0,25.429166666666667,0.0,0.06055555555555556,0.06065138951783902,5.576238047399608,0.0
2017-12-22 23:35:00,385.0,0,25.425749999999997,0.0,0.062,0.06210227035446049,5.775757112318773,0.0
2017-12-22 23:40:00,381.0,0,25.412,0.0,0.0595,0.059603535138220406,5.424311286422233,0.0
2017-12-22 23:45:00,380.0,0,25.4075,0.0,0.059,0.059125136835975395,5.355724689909577,0.0
2017-12-22 23:50:00,380.0,0,25.4105,0.0,0.0615,0.0616834840791716,5.710450129570202,0.0
2017-12-22 23:55:00,380.0,0,25.404166666666665,0.0,0.06444444444444444,0.06560255138524344,6.006174560531778,0.0
2017-12-23 00:00:00,380.0,0,25.404166666666665,0.0,0.06527777777777778,0.06677706264596128,6.0979780217140895,0.0
2017-12-23 00:05:00,380.0,0,25.394,0.0,0.06125,0.061424416094374865,5.656985243247337,0.0
2017-12-23 00:10:00,377.5,0,25.385,0.0,0.0595,0.05963522202825375,5.428788707748696,0.0
2017-12-23 00:15:00,375.5,0,25.3885,0.0,0.06025,0.06040875687377093,5.5292088921946165,0.0
2017-12-23 00:20:00,375.0,0,25.371875,0.0,0.059687500000000004,0.05976911792716011,5.460010982068682,0.0
2017-12-23 00:25:00,375.0,0,25.3565,0.0,0.06,0.06021328350570164,5.491258076052846,0.0
2017-12-23 00:30:00,375.0,0,25.3535,0.0,0.062,0.062134932040253,5.781874340527279,0.0
2017-12-23 00:35:00,375.0,0,25.342750000000002,0.0,0.0595,0.059570995322417726,5.428788707748696,0.0
2017-12-23 00:40:00,375.0,0,25.3584375,0.0,0.059687500000000004,0.05979648497955785,5.452364446808049,0.0
2017-12-23 00:45:00,375.0,0,25.355,0.0,0.0615,0.061700214891706996,5.6848738683465125,0.0
2017-12-23 00:50:00,375.0,0,25.351,0.0,0.06025,0.060382674530001054,5.529208892194616,0.0
2017-12-23 00:55:00,372.0,0,25.357499999999998,0.0,0.0615,0.06164682227922198,5.714927550896666,0.0
2017-12-23 01:00:00,371.0,0,25.3415,0.0,0.06025,0.06040758362527994,5.5247314708681525,0.0
2017-12-23 01:05:00,370.0,0,25.339166666666664,0.0,0.06,0.06016324932362747,5.496877813002856,0.0
2017-12-23 01:10:00,370.0,0,25.339999999999996,0.0,0.06125,0.06141235376060149,5.664742278337885,0.0
2017-12-23 01:15:00,370.0,0,25.33475,0.0,0.06025,0.0604553120749418,5.526371277750195,0.0
2017-12-23 01:20:00,370.0,0,25.320833333333333,0.0,0.05944444444444445,0.0596074337793794,5.370731777915277,0.0
2017-12-23 01:25:00,370.0,0,25.30825,0.0,0.057749999999999996,0.05790211050279047,5.1195668855979415,0.0
2017-12-23 01:30:00,370.0,0,25.311944444444446,0.0,0.05805555555555556,0.05834990056983119,5.1427565648961275,0.0
2017-12-23 01:35:00,370.0,0,25.3055,0.0,0.05975,0.05999515088288385,5.378399201467468,0.0
2017-12-23 01:40:00,370.0,0,25.3055,0.0,0.06425,0.065890293121947,5.925236557840757,0.0
2017-12-23 01:45:00,370.0,0,25.30675,0.0,0.06025,0.06039073956693253,5.514227280505894,0.0
2017-12-23 01:50:00,369.5,0,25.294999999999998,0.0,0.057999999999999996,0.05818109272782086,5.127464019189558,0.0
2017-12-23 01:55:00,367.22222222222223,0,25.294166666666666,0.0,0.05888888888888889,0.05909260507824526,5.289549535871812,0.0
2017-12-23 02:00:00,366.1111111111111,0,25.285555555555558,0.0,0.061111111111111116,0.06131809406961529,5.560595272931273,0.0
2017-12-23 02:05:00,367.0,0,25.285999999999998,0.0,0.06125,0.06140531041742171,5.676976734754897,0.0
2017-12-23 02:10:00,366.0,0,25.2815,0.0,0.06025,0.06042012003966858,5.508019593124678,0.0
2017-12-23 02:15:00,365.0,0,25.281666666666666,0.0,0.060000000000000005,0.06012130301937916,5.490080892771183,0.0
2017-12-23 02:20:00,365.0,0,25.27166666666667,0.0,0.06055555555555556,0.06070682126764723,5.584856975277995,0.0
2017-12-23 02:25:00,365.0,0,25.271,0.0,0.0615,0.06164733266069293,5.698215673153191,0.0
2017-12-23 02:30:00,365.0,0,25.2665,0.0,0.057999999999999996,0.05819031535590023,5.1990020046963705,0.0
2017-12-23 02:35:00,365.0,0,25.259,0.0,0.05925,0.05932662036272522,5.3953153129333895,0.0
2017-12-23 02:40:00,365.0,0,25.244,0.0,0.0605,0.0606323991488601,5.574916743426934,0.0
2017-12-23 02:45:00,365.0,0,25.240000000000002,0.0,0.05944444444444445,0.05966741732725192,5.400279722849331,0.0
2017-12-23 02:50:00,365.0,0,25.238,0.0,0.0605,0.06067962339972474,5.564322093891965,0.0
2017-12-23 02:55:00,365.0,0,25.22575,0.0,0.05925,0.0594091775028794,5.38472066339842,0.0
2017-12-23 03:00:00,365.0,0,25.226,0.0,0.06025,0.060425876818962054,5.526461736922906,0.0
2017-12-23 03:05:00,364.44444444444446,0,25.223333333333333,0.0,0.05944444444444445,0.059664423245326045,5.42067048354435,0.0
2017-12-23 03:10:00,365.0,0,25.212500000000002,0.0,0.060000000000000005,0.06011275483883405,5.495055805356142,0.0
2017-12-23 03:15:00,364.0,0,25.21,0.0,0.061,0.06123387447420534,5.620674233987609,0.0
2017-12-23 03:20:00,363.5,0,25.19475,0.0,0.05925,0.059391257812723454,5.4014325411418955,0.0
2017-12-23 03:25:00,363.5,0,25.18625,0.0,0.06075,0.06100281279663712,5.602272910033735,0.0
2017-12-23 03:30:00,363.3333333333333,0,25.189722222222223,0.0,0.05916666666666667,0.059379240645435614,5.37668090240678,0.0
2017-12-23 03:35:00,362.5,0,25.174,0.0,0.0605,0.06073148396531311,5.528060723960595,0.0
2017-12-23 03:40:00,361.0,0,25.1695,0.0,0.0615,0.06165862961003382,5.6591166887774005,0.0
2017-12-23 03:45:00,360.5,0,25.162,0.0,0.06175,0.061944207275747086,5.659789245770843,0.0
2017-12-23 03:50:00,360.5,0,25.156000000000002,0.0,0.06225,0.06233090179681007,5.750582030570394,0.0
2017-12-23 03:55:00,360.0,0,25.15416666666667,0.0,0.060000000000000005,0.06021185069493733,5.441171553857941,0.0
2017-12-23 04:00:00,360.0,0,25.16075,0.0,0.06225,0.06241005573893174,5.765654101431826,0.0
2017-12-23 04:05:00,360.0,0,25.151500000000002,0.0,0.06175,0.061884234131579646,5.652909001396184,0.0
2017-12-23 04:10:00,360.0,0,25.15277777777778,0.0,0.06027777777777778,0.060469043256893645,5.498754975458856,0.0
2017-12-23 04:15:00,360.0,0,25.142500000000002,0.0,0.063,0.06319310568444847,5.84377763841814,0.0
2017-12-23 04:20:00,360.0,0,25.1425,0.0,0.06694444444444445,0.0683286030368049,6.2738909908817515,0.0
2017-12-23 04:25:00,360.0,0,25.123,0.0,0.062,0.06217538778617215,5.732180706616519,0.0
2017-12-23 04:30:00,360.0,0,25.1125,0.0,0.062,0.06221416960488973,5.679542971681185,0.0
2017-12-23 04:35:00,360.0,0,25.11075,0.0,0.062,0.06210872731876499,5.72158605708155,0.0
2017-12-23 04:40:00,360.0,0,25.117,0.0,0.06175,0.06190877286116657,5.686472855384202,0.0
2017-12-23 04:45:00,360.0,0,25.1125,0.0,0.06138888888888889,0.061554743718047734,5.609057215694298,0.0
2017-12-23 04:50:00,360.0,0,25.11675,0.0,0.06175,0.061914919653170114,5.709301961336181,0.0
2017-12-23 04:55:00,360.0,0,25.103,0.0,0.06325,0.06333720395835525,5.884335511330552,0.0
2017-12-23 05:00:00,360.0,0,25.0895,0.0,0.06175,0.061945092073279445,5.692590083592707,0.0
2017-12-23 05:05:00,360.0,0,25.097499999999997,0.0,0.06166666666666667,0.06187710704771726,5.647425108890539,0.0
2017-12-23 05:10:00,360.0,0,25.093888888888884,0.0,0.059444444444444446,0.059620271616917776,5.355014399229514,0.0
2017-12-23 05:15:00,360.0,0,25.08075,0.0,0.061,0.0611691910874382,5.555326431394686,0.0
2017-12-23 05:20:00,360.0,0,25.07575,0.0,0.0625,0.0626914570205492,5.799127496247133,0.0
2017-12-23 05:25:00,360.0,0,25.06525,0.0,0.06075,0.060942983520223724,5.538705012823922,0.0
2017-12-23 05:30:00,360.0,0,25.0275,0.0,0.0625,0.06261448263152027,5.796787373061208,0.0
2017-12-23 05:35:00,360.0,0,25.02225,0.0,0.06175,0.061867278688659544,5.692590083592707,0.0
2017-12-23 05:40:00,360.0,0,25.029999999999998,0.0,0.0605,0.06074336650681016,5.520303688870047,0.0
2017-12-23 05:45:00,358.0,0,25.039499999999997,0.0,0.0625,0.06273084852621855,5.782415618503659,0.0
2017-12-23 05:50:00,358.5,0,25.0255,0.0,0.061,0.06119139333103087,5.5666840970958065,0.0
2017-12-23 05:55:00,359.44444444444446,0,25.0125,0.0,0.060277777777777784,0.060479558729202104,5.350559845834552,0.0
2017-12-23 06:00:00,358.0,0,24.999499999999998,0.0,0.061,0.061167281753827546,5.494342275578488,0.0
2017-12-23 06:05:00,357.77777777777777,0,24.98111111111111,0.0,0.06166666666666667,0.06180978414667382,5.636400561622176,0.0
2017-12-23 06:10:00,358.0,0,24.965,0.0,0.0615,0.06171928667065087,5.603577204176267,0.0
2017-12-23 06:15:00,355.5,0,24.96025,0.0,0.062,0.06220264324226113,5.700487217184323,0.0
2017-12-23 06:20:00,355.0,0,24.944444444444446,0.0,0.0625,0.06262624059405612,5.789990452829534,0.0
2017-12-23 06:25:00,355.5,0,24.9755,0.0,0.062,0.062247416034545026,5.704874179338075,0.0
2017-12-23 06:30:00,355.0,0,24.973750000000003,0.0,0.06325,0.06346631601785546,5.8648764783153675,0.0
2017-12-23 06:35:00,355.0,0,24.9715,0.0,0.063,0.06316886203671675,5.830870625007686,0.0
2017-12-23 06:40:00,355.0,0,24.9755,0.0,0.06275,0.06313500416964714,5.797397230192379,0.0
2017-12-23 06:45:00,355.625,0,24.967812499999997,0.1875,0.06218750000000001,0.06232491227368028,5.772357823589432,0.0
2017-12-23 06:50:00,355.5,0,24.976,0.55,0.06175,0.062031962278313965,5.6485716785707885,0.0
2017-12-23 06:55:00,355.0,0,24.976,1.025,0.06,0.060186608245632586,5.453356899239433,0.0
2017-12-23 07:00:00,355.0,0,24.977777777777778,1.5,0.06222222222222222,0.06236465777338502,5.732351876419333,0.0
2017-12-23 07:05:00,355.0,0,24.96675,2.05,0.061,0.061142692373874735,5.564953831041054,0.0
2017-12-23 07:10:00,355.0,0,24.96972222222222,2.5555555555555554,0.06194444444444444,0.06207428999935055,5.702011290554396,0.0
2017-12-23 07:15:00,355.0,0,24.9745,3.6,0.06175,0.06196217809627794,5.669760977640728,0.0
2017-12-23 07:20:00,355.0,0,24.97125,4.15,0.06125,0.061364429507017454,5.619526065753588,0.0
2017-12-23 07:25:00,355.55555555555554,0,24.977222222222224,4.722222222222222,0.0636111111111111,0.06380967266932092,5.922014351051529,0.0
2017-12-23 07:30:00,355.0,0,24.97,5.833333333333334,0.06194444444444445,0.06214706900043143,5.706986203139356,0.0
2017-12-23 07:35:00,356.1111111111111,0,24.975833333333334,6.583333333333332,0.06194444444444445,0.0621183813120651,5.692161975576378,0.0
2017-12-23 07:40:00,355.0,0,24.97025,7.6000000000000005,0.06175,0.061858962408205966,5.652909001396184,0.0
2017-12-23 07:45:00,356.0,0,24.95175,8.95,0.06325,0.06343142020512889,5.847197350683293,0.0
2017-12-23 07:50:00,356.5,0,24.965,10.375,0.06275,0.0628387061952025,5.819168627083049,0.0
2017-12-23 07:55:00,357.22222222222223,0,24.966944444444444,11.222222222222221,0.06388888888888888,0.06408695355335957,5.957229339309524,0.0
2017-12-23 08:00:00,358.8888888888889,0,24.964444444444446,12.36111111111111,0.06222222222222222,0.0623291717988443,5.752797791923638,0.0
2017-12-23 08:05:00,359.0,0,24.975,13.125,0.06425,0.06448001144345654,6.00763444105681,0.0
2017-12-23 08:10:00,360.0,0,24.9785,13.700000000000001,0.062,0.06214002888853959,5.706604445392829,0.0
2017-12-23 08:15:00,360.0,0,24.993000000000002,14.25,0.062,0.062155263844101756,5.710991407546581,0.0
2017-12-23 08:20:00,360.0,0,24.97972222222222,14.75,0.061666666666666675,0.06190386212271704,5.667971534586745,0.0
2017-12-23 08:25:00,360.0,0,24.97275,15.025,0.06125,0.06140185564746896,5.619526065753588,0.0
2017-12-23 08:30:00,360.0,0,24.96975,15.55,0.06325,0.06339490489033014,5.8994075821919845,0.0
2017-12-23 08:35:00,360.0,0,24.97875,15.850000000000001,0.06225,0.06247488167030471,5.75953687322332,0.0
2017-12-23 08:40:00,360.0,0,24.98225,16.325,0.061,0.06109454035389601,5.566593637923097,0.0
2017-12-23 08:45:00,360.0,0,24.979444444444443,16.36111111111111,0.06277777777777778,0.06304422538694689,5.827183113735431,0.0
2017-12-23 08:50:00,360.0,0,24.971,16.075,0.06125,0.06135113328676663,5.615048644427125,0.0
2017-12-23 08:55:00,360.0,0,25.000555555555554,16.083333333333332,0.06305555555555556,0.06329740667947703,5.862498612185328,0.0
2017-12-23 09:00:00,360.0,0,24.99375,16.45,0.06225,0.06238913200683989,5.771771329640331,0.0
2017-12-23 09:05:00,360.0,0,24.979749999999996,16.85,0.0645,0.06538591146784406,6.000302060035679,0.0
2017-12-23 09:10:00,360.0,0,24.99138888888889,17.36111111111111,0.06305555555555556,0.06316370680750696,5.887919440274592,0.0
2017-12-23 09:15:00,359.5,0,24.98625,17.924999999999997,0.06475,0.06530979958369967,6.038925433170891,0.0
2017-12-23 09:20:00,359.5,0,25.017249999999997,18.275,0.06525,0.06542406657819241,6.1721141613605655,0.0
2017-12-23 09:25:00,360.0,0,25.025750000000002,18.675,0.07225000000000001,0.07601747927365822,6.673044174304728,0.0
2017-12-23 09:30:00,360.0,0,25.0135,19.025,0.0665,0.06724508341620071,6.2695889269391065,0.0
2017-12-23 09:35:00,359.44444444444446,0,25.054444444444446,20.22222222222222,0.06305555555555556,0.06323719920358169,5.840776954198778,0.0
2017-12-23 09:40:00,359.0,0,25.0475,20.35,0.06325,0.06346997707429847,5.877251033233446,0.0
2017-12-23 09:45:00,360.0,0,25.038999999999998,20.9,0.067,0.0673799383782709,6.403590310623291,0.0
2017-12-23 09:50:00,357.77777777777777,0,25.05638888888889,21.61111111111111,0.06583333333333333,0.0661806102887769,6.198406328358956,0.0
2017-12-23 09:55:00,357.22222222222223,0,25.054444444444442,22.416666666666664,0.07083333333333333,0.07412291489282818,6.519264993020683,0.0
2017-12-23 10:00:00,358.0,0,25.1055,22.625,0.06725,0.06789775863571142,6.363327130606035,0.0
2017-12-23 10:05:00,356.0,0,25.0965,23.475,0.06325,0.06348812411706138,5.878358381623114,0.0
2017-12-23 10:10:00,358.5,0,25.143499999999996,23.900000000000002,0.0655,0.06568716433093423,6.202167843910719,0.0
2017-12-23 10:15:00,357.0,0,25.1465,24.175,0.06375,0.063981247004004,5.940687651426196,0.0
2017-12-23 10:20:00,356.1111111111111,0,25.145000000000003,25.416666666666668,0.06361111111111112,0.06376575390614797,5.9473800243315065,0.0
2017-12-23 10:25:00,358.5,0,25.173250000000003,25.375,0.06375,0.06387676689060416,5.951282300961166,0.0
2017-12-23 10:30:00,356.0,0,25.168999999999997,26.35,0.0635,0.06371495857166243,5.8833682614419525,0.0
2017-12-23 10:35:00,358.0,0,25.171749999999996,27.675,0.0705,0.07192674146136509,6.725964199751299,0.0
2017-12-23 10:40:00,358.5,0,25.197499999999998,26.700000000000003,0.06375,0.06396986540053885,5.8925273378173255,0.0
2017-12-23 10:45:00,359.375,0,25.199375,26.6875,0.074375,0.07887353273659359,6.951695979162996,0.0
2017-12-23 10:50:00,359.5,0,25.2035,27.875,0.06575,0.06601507268589395,6.203135093799319,0.0
2017-12-23 10:55:00,360.0,0,25.2185,30.025,0.06675,0.0671044536124684,6.365057396660789,0.0
2017-12-23 11:00:00,358.5,0,25.225,30.225,0.0645,0.06479006960956057,6.036630414545653,0.0
2017-12-23 11:05:00,357.5,0,25.250500000000002,30.075,0.06525,0.0657273178275228,6.135221054280106,0.0
2017-12-23 11:10:00,357.22222222222223,0,25.26777777777778,32.19444444444444,0.06583333333333333,0.06624177673765802,6.1896317354793835,0.0
2017-12-23 11:15:00,358.5,0,25.279000000000003,31.75,0.07050000000000001,0.0723560679807678,6.685478122918546,0.0
2017-12-23 11:20:00,358.5,0,25.27375,34.425,0.07025,0.07352062794738226,6.522706511918242,0.0
2017-12-23 11:25:00,360.0,0,25.2765,34.6,0.064,0.06417791452684649,5.990823284656622,0.0
2017-12-23 11:30:00,359.0,0,25.2845,35.05,0.064,0.06411165474394276,5.9926528293680885,0.0
2017-12-23 11:35:00,360.0,0,25.291944444444447,34.08333333333333,0.06416666666666666,0.06439853284135466,5.995597232505766,0.0
2017-12-23 11:40:00,358.5,0,25.2965,35.3,0.064,0.06414867902453378,6.021599163528575,0.0
2017-12-23 11:45:00,358.8888888888889,5,25.324166666666667,40.25,0.17444444444444443,0.26213379580094714,10.568292867795751,0.0
2017-12-23 11:50:00,360.0,2,25.353,67.35000000000001,0.286,0.3739292831951649,14.52509539229969,1.0
2017-12-23 11:55:00,360.0,7,25.372999999999998,68.05,0.18125,0.21968070176410076,12.301909620365063,1.0
2017-12-23 12:00:00,361.1111111111111,3,25.407500000000002,67.97222222222223,0.2677777777777778,0.3274862746558269,15.095555338258421,1.0
2017-12-23 12:05:00,365.0,4,25.4285,70.60000000000001,0.28250000000000003,0.3543088573526941,15.026693050736732,1.0
2017-12-23 12:10:00,367.0,5,25.445750000000004,69.125,0.28025,0.3033294497465375,16.66098645319552,1.0
2017-12-23 12:15:00,370.0,5,25.46875,69.0,0.30374999999999996,0.3098381308831386,17.831130037113102,1.0
2017-12-23 12:20:00,370.0,5,25.47833333333333,71.41666666666667,0.2841666666666666,0.2920755238285165,17.142459303485815,1.0
2017-12-23 12:25:00,373.5,6,25.502000000000002,70.025,0.365,0.38214822439807783,18.87983728352444,1.0
2017-12-23 12:30:00,375.0,2,25.538,69.4,0.26525,0.2846173089306192,16.030792962870194,1.0
2017-12-23 12:35:00,379.0,3,25.5515,72.6,0.16749999999999998,0.22083736127964657,10.124514677176375,1.0
2017-12-23 12:40:00,380.0,3,25.560000000000002,71.41666666666667,0.31027777777777776,0.32928386025913203,17.501794509279616,1.0
2017-12-23 12:45:00,380.0,10,25.57,76.16666666666667,0.4847222222222222,0.6665054080879028,18.827202979447996,1.0
2017-12-23 12:50:00,385.0,15,25.619,131.4,0.6164999999999999,0.6970938017037562,23.348203727766727,2.0
2017-12-23 12:55:00,387.77777777777777,5,25.677777777777777,134.25,0.7225,0.8136622080058445,24.797323489643016,2.0
2017-12-23 13:00:00,396.5,11,25.715249999999997,136.47500000000002,0.70175,0.8447937053276324,22.322335497233233,2.0
2017-12-23 13:05:00,412.5,8,25.759749999999997,134.925,0.30375,0.40681934705734213,15.59678498515748,2.0
2017-12-23 13:10:00,439.44444444444446,6,25.79472222222222,136.55555555555557,0.41194444444444445,0.5854515378785158,17.52023616300763,2.0
2017-12-23 13:15:00,468.5,4,25.8245,136.2,0.46825,0.6033878103177549,19.11553962215245,2.0
2017-12-23 13:20:00,494.5,6,25.84825,135.625,0.4495,0.49692671003475314,20.572753631417957,2.0
2017-12-23 13:25:00,479.0,10,25.849000000000004,138.95,0.4725000000000001,0.49960020797817056,22.11278764900304,2.0
2017-12-23 13:30:00,460.5,5,25.87425,139.45,0.6482500000000001,0.6824542705100691,24.41773945156115,2.0
2017-12-23 13:35:00,515.625,5,25.896250000000002,139.46875,0.7056250000000001,0.8792523899217237,21.90134266794078,2.0
2017-12-23 13:40:00,547.0,4,25.92575,138.7,0.6925,0.7847795834946412,24.47492976720141,2.0
2017-12-23 13:45:00,569.0,7,26.1305,140.05,0.6100000000000001,0.6752625496236218,23.602576496947655,2.0
2017-12-23 13:50:00,587.5,9,26.2045,137.875,0.62075,0.655642807725224,24.33152994576563,2.0
2017-12-23 13:55:00,600.5,5,26.227999999999998,135.65,0.42525,0.58735687458068,17.227309222663713,2.0
2017-12-23 14:00:00,608.8888888888889,1,26.264444444444443,134.52777777777777,0.7252777777777777,0.8093119386988583,24.839641545273516,2.0
2017-12-23 14:05:00,631.1111111111111,8,26.278888888888886,135.11111111111111,0.7541666666666665,0.8165431067131133,25.34671979012578,2.0
2017-12-23 14:10:00,657.5,3,26.273,38.275,0.15525,0.28769551353913747,9.054874898674111,0.0
2017-12-23 14:15:00,635.5,0,26.235249999999997,39.675,0.0655,0.0658060853003833,6.2603407092338275,0.0
2017-12-23 14:20:00,635.0,0,26.204250000000002,37.675,0.06675,0.06743357783580886,6.367352415286027,0.0
2017-12-23 14:25:00,637.2222222222222,0,26.18611111111111,36.388888888888886,0.07555555555555556,0.0778127630597475,7.320889366817656,0.0
2017-12-23 14:30:00,608.3333333333334,0,26.177500000000002,37.30555555555556,0.07722222222222222,0.08320564112044873,7.2598963709644995,0.0
2017-12-23 14:35:00,571.0,0,26.16825,38.025,0.07325000000000001,0.07462460936827642,7.120510820109516,0.0
2017-12-23 14:40:00,533.5,5,26.14525,37.125,0.219,0.3153749120067166,12.939684734117375,0.0
2017-12-23 14:45:00,537.7777777777778,0,26.15555555555555,33.638888888888886,0.12805555555555556,0.13664182560531896,11.406082209227675,0.0
2017-12-23 14:50:00,539.4444444444445,0,26.138055555555557,33.77777777777778,0.19583333333333333,0.25036216985862625,13.34890892719747,0.0
2017-12-23 14:55:00,525.5,1,26.1145,32.05,0.09075,0.102749725592546,8.240179568096522,0.0
2017-12-23 15:00:00,510.5,0,26.109499999999997,31.675,0.09275000000000001,0.12986940545168,7.408246345669445,0.0
2017-12-23 15:05:00,487.0,0,26.117749999999997,30.875000000000004,0.07175,0.07490484819225447,6.811017821733235,0.0
2017-12-23 15:10:00,466.6666666666667,0,26.094166666666666,29.63888888888889,0.0638888888888889,0.06401987598669502,6.066975514953828,0.0
2017-12-23 15:15:00,458.0,0,26.08375,28.875,0.06275,0.0628905948906933,5.899448402036339,0.0
2017-12-23 15:20:00,444.5,0,26.07,26.325000000000003,0.06425,0.06451049225802725,6.104766192254641,0.0
2017-12-23 15:25:00,425.55555555555554,3,26.084166666666665,48.5,0.19861111111111113,0.221899307860946,12.582504484337816,1.0
2017-12-23 15:30:00,417.0,2,26.104,57.2,0.1805,0.20025258039555818,11.951059836672371,1.0
2017-12-23 15:35:00,411.6666666666667,2,26.119999999999997,57.83333333333333,0.11444444444444445,0.13938099079034869,8.848835673534097,1.0
2017-12-23 15:40:00,418.5,3,26.119,57.324999999999996,0.155,0.22161282956707073,10.49816011925628,1.0
2017-12-23 15:45:00,428.0,4,26.13425,55.825,0.09375,0.1069671748066381,8.121804222255479,1.0
2017-12-23 15:50:00,443.5,6,26.1435,54.15,0.2405,0.25977814210143446,14.63949088544016,1.0
2017-12-23 15:55:00,456.5,2,26.149250000000002,52.575,0.13174999999999998,0.1625222168567046,9.85386787639507,1.0
2017-12-23 16:00:00,472.22222222222223,8,26.146666666666665,51.083333333333336,0.24138888888888888,0.31335250955312627,13.072529677611202,1.0
2017-12-23 16:05:00,475.0,1,26.169,49.675000000000004,0.08475,0.0922372528268485,7.800586544000835,1.0
2017-12-23 16:10:00,491.0,2,26.169,48.55,0.19549999999999998,0.2830885591776122,11.181163669141727,1.0
2017-12-23 16:15:00,507.0,5,26.187999999999995,46.8,0.28675,0.3612735457529331,12.652176896864976,1.0
2017-12-23 16:20:00,517.7777777777778,1,26.184444444444445,46.027777777777786,0.1225,0.1615814590577092,9.010916216501819,1.0
2017-12-23 16:25:00,526.6666666666666,5,26.174999999999997,44.91666666666667,0.12277777777777776,0.15549019326863525,9.53494177748863,1.0
2017-12-23 16:30:00,533.0,4,26.182,43.95,0.17775,0.24802309559869867,10.555078725126627,1.0
2017-12-23 16:35:00,535.8333333333334,3,26.18125,42.91666666666667,0.20958333333333334,0.2787939359789963,12.205792226943723,1.0
2017-12-23 16:40:00,563.0,7,26.00425,90.675,0.6247499999999999,0.8189315991904668,20.634114347165838,2.0
2017-12-23 16:45:00,570.0,6,25.96472222222222,88.88888888888889,0.746388888888889,0.8043474199080702,25.509710732630737,2.0
2017-12-23 16:50:00,589.5,11,25.963250000000002,88.1,0.53925,0.6516814411276884,21.16852911189147,2.0
2017-12-23 16:55:00,609.0,7,25.9805,87.3,0.47974999999999995,0.6767450374673856,18.045689323318246,2.0
2017-12-23 17:00:00,640.0,13,25.986250000000002,86.85000000000001,0.64525,0.8128084452138435,22.67572289590684,2.0
2017-12-23 17:05:00,669.0,1,26.00825,85.75,0.764,0.7962320717792922,25.948309793122945,2.0
2017-12-23 17:10:00,690.5555555555555,4,26.005833333333335,85.19444444444443,0.6972222222222222,0.8284775483268582,24.140517110527004,2.0
2017-12-23 17:15:00,716.1111111111111,7,26.008055555555554,84.72222222222221,0.5052777777777777,0.6176391210392336,20.3413411206066,2.0
2017-12-23 17:20:00,732.5,11,26.02175,83.775,0.78575,0.9398987690588096,25.082766436880824,2.0
2017-12-23 17:25:00,714.5,4,26.022750000000002,83.4,0.7082499999999999,0.7919272571219104,24.94246934359667,2.0
2017-12-23 17:30:00,737.5,4,26.025750000000002,94.32499999999999,0.6645,0.836704330873972,23.557006691580685,2.0
2017-12-23 17:35:00,768.8888888888889,8,26.06111111111111,147.72222222222223,0.5941666666666666,0.8495421293251466,21.954104274865216,3.0
2017-12-23 17:40:00,780.5,11,26.085250000000002,146.04999999999998,0.9152499999999999,1.0783727100295453,25.15056716966272,3.0
2017-12-23 17:45:00,794.5,5,26.115000000000002,145.8,0.37750000000000006,0.6334491924351852,15.324577865453248,3.0
2017-12-23 17:50:00,813.0,12,26.12525,145.675,0.36,0.5380163758178109,16.884526634807386,3.0
2017-12-23 17:55:00,836.0,14,26.14125,144.775,0.48224999999999996,0.6027706994382931,20.425689127474982,3.0
2017-12-23 18:00:00,882.7777777777778,7,26.15222222222222,145.30555555555554,0.5519444444444445,0.8791659572017245,19.90148186351631,3.0
2017-12-23 18:05:00,911.0,3,26.1725,144.75,0.21675,0.2895748145947615,14.016576976490615,3.0
2017-12-23 18:10:00,938.3333333333334,3,26.183055555555555,144.41666666666666,0.3419444444444445,0.530277608811023,15.598419721389954,3.0
2017-12-23 18:15:00,953.0,5,26.18125,144.475,0.192,0.24830418371949306,12.975939130310069,3.0
2017-12-23 18:20:00,977.2222222222222,6,26.204722222222223,144.63888888888889,0.3388888888888889,0.3630161186960774,18.84202865394951,3.0
2017-12-23 18:25:00,997.2222222222222,6,26.201944444444443,144.91666666666666,0.15944444444444447,0.19035658857880483,11.700537814838343,3.0
2017-12-23 18:30:00,1014.5,6,26.2125,145.275,0.16724999999999998,0.18657345675620876,12.9664540284471,3.0
2017-12-23 18:35:00,1038.5,5,26.22475,145.125,0.20700000000000002,0.26792902909547717,14.06838393253281,3.0
2017-12-23 18:40:00,1056.0,14,26.241000000000003,101.54999999999998,0.72675,1.0037198748414324,22.55048295253914,2.0
2017-12-23 18:45:00,1050.5,4,26.228250000000003,81.675,0.52075,0.6820726105423817,19.90682840663629,2.0
2017-12-23 18:50:00,1035.0,8,26.204722222222223,79.27777777777777,0.8536111111111111,1.2317813631943737,22.53473998122303,2.0
2017-12-23 18:55:00,1042.5,6,26.2035,79.32499999999999,0.293,0.4011778309043579,14.215264762219531,2.0
2017-12-23 19:00:00,1039.5,7,26.187749999999998,79.875,0.263,0.35157610942635253,14.64132777117418,2.0
2017-12-23 19:05:00,1038.3333333333333,4,26.188055555555554,79.77777777777777,0.15194444444444444,0.19121164746530772,10.67930460428175,2.0
2017-12-23 19:10:00,1036.111111111111,2,26.18138888888889,79.86111111111111,0.24138888888888893,0.36358666887390134,12.169011755084691,2.0
2017-12-23 19:15:00,1021.0,3,26.1775,79.875,0.18575,0.25019785867834865,11.336238809869423,2.0
2017-12-23 19:20:00,1024.0,6,26.18,79.925,0.5922499999999999,0.7540198123287123,22.420911837499936,2.0
2017-12-23 19:25:00,1012.5,3,26.168,79.95,0.31575000000000003,0.37750767844329697,16.631969212382266,2.0
2017-12-23 19:30:00,1018.0,3,26.15,80.0,0.18975,0.22210447352908486,12.642134420131828,2.0
2017-12-23 19:35:00,1024.4444444444443,1,26.134166666666665,80.05555555555556,0.4025,0.5762711630265787,17.675173216305765,2.0
2017-12-23 19:40:00,1024.0,1,26.132,80.325,0.35975,0.5004118124514237,16.550878870962787,2.0
2017-12-23 19:45:00,1004.0,14,26.142500000000002,80.325,0.94925,1.0556867918328985,27.328830998150423,2.0
2017-12-23 19:50:00,1025.0,11,26.14825,32.875,0.887,1.394817534741603,19.516558728816122,0.0
2017-12-23 19:55:00,1014.5,0,26.0885,0.0,0.06025,0.06044835416589383,5.518614242659647,0.0
2017-12-23 20:00:00,995.5555555555555,0,26.03388888888889,0.0,0.059722222222222225,0.05982048218618081,5.457863144450246,0.0
2017-12-23 20:05:00,973.8888888888889,0,25.980555555555554,0.0,0.058333333333333334,0.05843191654413149,5.234862844016054,0.0
2017-12-23 20:10:00,948.5,0,25.943000000000005,0.0,0.05975,0.059908298796279846,5.433938686068601,0.0
2017-12-23 20:15:00,917.5,0,25.91825,0.0,0.06175,0.06212376554438781,5.676009484866297,0.0
2017-12-23 20:20:00,890.0,0,25.9095,0.0,0.058249999999999996,0.05851635606197669,5.156550451851111,0.0
2017-12-23 20:25:00,863.8888888888889,0,25.876944444444444,0.0,0.05972222222222223,0.059911113805267785,5.414721359052847,0.0
2017-12-23 20:30:00,846.0,0,25.846,0.0,0.058249999999999996,0.05842719074464847,5.219224053877708,0.0
2017-12-23 20:35:00,831.5,0,25.832,0.0,0.065,0.06694410162972926,6.024546012289696,0.0
2017-12-23 20:40:00,816.0,0,25.80775,0.0,0.06125,0.06158376419785326,5.63194144051602,0.0
2017-12-23 20:45:00,791.0,0,25.79925,0.0,0.05925,0.05941257854568223,5.329271637969997,0.0
2017-12-23 20:50:00,768.8888888888889,0,25.788333333333334,0.0,0.060555555555555564,0.0607455998859589,5.56638873242159,0.0
2017-12-23 20:55:00,749.5,0,25.787,0.0,0.06,0.06019180181200967,5.484123958627384,0.0
2017-12-23 21:00:00,728.8888888888889,0,25.767222222222223,0.0,0.060277777777777784,0.06055614361544337,5.455713700253357,0.0
2017-12-23 21:05:00,713.5,0,25.7395,0.0,0.06125,0.06145718504754091,5.666472544392637,0.0
2017-12-23 21:10:00,700.0,0,25.738,0.0,0.05925,0.059542979675575106,5.330911444852039,0.0
2017-12-23 21:15:00,678.8888888888889,0,25.711666666666666,0.0,0.0625,0.06293512408633482,5.833433768802636,0.0
2017-12-23 21:20:00,660.0,0,25.67275,0.0,0.059,0.05922396846458709,5.330148428685886,0.0
2017-12-23 21:25:00,633.8888888888889,0,25.64027777777778,0.0,0.059722222222222225,0.059854836039359094,5.44303891688727,0.0
2017-12-23 21:30:00,604.5,0,25.640750000000004,0.0,0.06175,0.06201945442550345,5.739446103059047,0.0
2017-12-23 21:35:00,588.3333333333334,0,25.614444444444445,0.0,0.058333333333333334,0.05855329894353312,5.23181044926971,0.0
2017-12-23 21:40:00,563.5,0,25.59525,0.0,0.06175,0.062138624735684336,5.73154896946743,0.0
2017-12-23 21:45:00,545.0,0,25.60125,0.0,0.0625,0.06342793457923501,5.739446103059046,0.0
2017-12-23 21:50:00,525.0,0,25.587000000000003,0.0,0.06375,0.06523429331547038,5.886048432135059,0.0
2017-12-23 21:55:00,512.2222222222222,0,25.56861111111111,0.0,0.060000000000000005,0.06008342792091598,5.495055805356142,0.0
2017-12-23 22:00:00,498.3333333333333,0,25.556666666666665,0.0,0.06166666666666666,0.06221033822754266,5.701309360388741,0.0
2017-12-23 22:05:00,476.5,0,25.549,0.0,0.0605,0.060641268146581925,5.574916743426934,0.0
2017-12-23 22:10:00,456.0,0,25.54825,0.0,0.05875,0.05898918586453718,5.298405299925333,0.0
2017-12-23 22:15:00,444.5,0,25.52025,0.0,0.06025,0.06051420318767181,5.496498513545463,0.0
2017-12-23 22:20:00,426.5,0,25.4925,0.0,0.05925,0.0594687090813589,5.35923486134744,0.0
2017-12-23 22:25:00,415.55555555555554,0,25.474999999999998,0.0,0.06027777777777779,0.06045013913191248,5.498955995842657,0.0
2017-12-23 22:30:00,397.5,0,25.479,0.0,0.058499999999999996,0.05870203090977809,5.243833065212799,0.0
2017-12-23 22:35:00,390.0,0,25.47775,0.0,0.05925,0.05946035440810407,5.386450929453174,0.0
2017-12-23 22:40:00,389.0,0,25.44225,0.0,0.06025,0.06037022935292631,5.529208892194616,0.0
2017-12-23 22:45:00,386.0,0,25.4595,0.0,0.0595,0.059669805703252074,5.411059940788265,0.0
2017-12-23 22:50:00,385.0,0,25.4375,0.0,0.0575,0.05762324612122667,5.13653263639222,0.0
2017-12-23 22:55:00,384.5,0,25.42225,0.0,0.059,0.05918173075900269,5.349607461701071,0.0
2017-12-23 23:00:00,380.5,0,25.43025,0.0,0.059,0.05909928606775763,5.361841918118083,0.0
2017-12-23 23:05:00,380.0,0,25.40975,0.0,0.05975,0.05991235554503589,5.459514947292292,0.0
2017-12-23 23:10:00,380.0,0,25.396,0.0,0.059,0.05907137956230191,5.346860306429361,0.0
2017-12-23 23:15:00,380.0,0,25.399166666666662,0.0,0.06277777777777778,0.06424499000743969,5.762024950157845,0.0
2017-12-23 23:20:00,377.5,0,25.3645,0.0,0.06075,0.06099135860371576,5.578336455692087,0.0
2017-12-23 23:25:00,375.0,0,25.36325,0.0,0.06,0.06018478302987655,5.507969953796321,0.0
2017-12-23 23:30:00,375.0,0,25.36225,0.0,0.06,0.06017687512008651,5.488510920781136,0.0
2017-12-23 23:35:00,375.0,0,25.369444444444444,0.0,0.058611111111111114,0.058771517066666466,5.2856493453852975,0.0
2017-12-23 23:40:00,375.0,0,25.351,0.0,0.05875,0.05889019504147533,5.310639756342344,0.0
2017-12-23 23:45:00,374.5,0,25.343500000000002,0.0,0.05875,0.058963962108975615,5.26844207654789,0.0
2017-12-23 23:50:00,371.1111111111111,0,25.345000000000002,0.0,0.060277777777777784,0.060566867672689276,5.497033478004043,0.0
2017-12-23 23:55:00,370.0,0,25.346111111111114,0.0,0.05888888888888889,0.05911673440188617,5.306195771081502,0.0
2017-12-24 00:00:00,370.0,0,25.354999999999997,0.0,0.060312500000000005,0.06048747896259247,5.515158086666973,0.0
2017-12-24 00:05:00,370.0,0,25.366500000000002,0.0,0.05925,0.05945435792438642,5.365352089555946,0.0
2017-12-24 00:10:00,370.0,0,25.374500000000005,0.0,0.058499999999999996,0.05875485318229191,5.234968681732584,0.0
2017-12-24 00:15:00,370.0,0,25.387999999999998,0.0,0.05875,0.05894751603177732,5.298405299925333,0.0
2017-12-24 00:20:00,370.0,0,25.3835,0.0,0.05925,0.05940353808915376,5.374216473036162,0.0
2017-12-24 00:25:00,370.0,0,25.3725,0.0,0.05805555555555556,0.058333564815155024,5.168122238176105,0.0
2017-12-24 00:30:00,369.5,0,25.371500000000005,0.0,0.058249999999999996,0.05846628909010619,5.231458510294719,0.0
2017-12-24 00:35:00,369.5,0,25.3835,0.0,0.06625,0.06985098921517512,6.06494162994974,0.0
2017-12-24 00:40:00,368.8888888888889,0,25.38416666666667,0.0,0.059722222222222225,0.059884878740475614,5.444961434725884,0.0
2017-12-24 00:45:00,367.22222222222223,0,25.38416666666667,0.0,0.05888888888888889,0.05908099856179071,5.2747253083088355,0.0
2017-12-24 00:50:00,367.22222222222223,0,25.384166666666665,0.0,0.061388888888888896,0.061655137022486574,5.6612199697376875,0.0
2017-12-24 00:55:00,366.0,0,25.37,0.0,0.059,0.05917864312965169,5.310779854843412,0.0
2017-12-24 01:00:00,367.0,0,25.361,0.0,0.059,0.05918792015431697,5.306302433516949,0.0
2017-12-24 01:05:00,365.0,0,25.3625,0.0,0.05975,0.05980739191201874,5.468379330772509,0.0
2017-12-24 01:10:00,365.0,0,25.3565,0.0,0.05875,0.05889688796888996,5.32225129509427,0.0
2017-12-24 01:15:00,365.0,0,25.350833333333334,0.0,0.058055555555555555,0.058317260330646756,5.15452839771276,0.0
2017-12-24 01:20:00,365.0,0,25.3565,0.0,0.05875,0.05914172004142467,5.251730198804415,0.0
2017-12-24 01:25:00,365.0,0,25.3565,0.0,0.0595,0.05968200894961627,5.379366451356068,0.0
2017-12-24 01:30:00,365.0,0,25.35325,0.0,0.06425,0.06592734595728512,5.920596881261923,0.0
2017-12-24 01:35:00,365.0,0,25.352,0.0,0.05925,0.05940053643384841,5.375856279918205,0.0
2017-12-24 01:40:00,365.0,0,25.34375,0.0,0.059375000000000004,0.05954890173073506,5.391795688678014,0.0
2017-12-24 01:45:00,365.0,0,25.352,0.0,0.06,0.06017893059992094,5.499105570316105,0.0
2017-12-24 01:50:00,365.0,0,25.337,0.0,0.05925,0.05943060726170368,5.3775865459729575,0.0
2017-12-24 01:55:00,365.0,0,25.34275,0.0,0.059,0.05923037836429852,5.312419661725455,0.0
2017-12-24 02:00:00,365.0,0,25.333333333333332,0.0,0.05944444444444445,0.05968298824406256,5.400971853588315,0.0
2017-12-24 02:05:00,365.0,0,25.3455,0.0,0.06025,0.06040628579610782,5.553677805028639,0.0
2017-12-24 02:10:00,365.0,0,25.33225,0.0,0.058249999999999996,0.0584885305402465,5.235845472448473,0.0
2017-12-24 02:15:00,365.0,0,25.335749999999997,0.0,0.058499999999999996,0.058633862327757594,5.271049133318532,0.0
2017-12-24 02:20:00,364.0,0,25.323749999999997,0.0,0.06025,0.06041723968844212,5.547560576820133,0.0
2017-12-24 02:25:00,363.3333333333333,0,25.3075,0.0,0.05805555555555556,0.05820561120700212,5.1749191584077785,0.0
2017-12-24 02:30:00,363.5,0,25.29675,0.0,0.059,0.05921074383780109,5.334625850012349,0.0
2017-12-24 02:35:00,363.3333333333333,0,25.29361111111111,0.0,0.058055555555555555,0.05820056676850949,5.221113338551522,0.0
2017-12-24 02:40:00,362.0,0,25.294000000000004,0.0,0.0595,0.05956117316482562,5.441023164165708,0.0
2017-12-24 02:45:00,361.0,0,25.277250000000002,0.0,0.06075,0.06098622950441554,5.601165561644067,0.0
2017-12-24 02:50:00,361.6666666666667,0,25.28111111111111,0.0,0.06000000000000001,0.06016523170235745,5.468560255168434,0.0
2017-12-24 02:55:00,360.0,0,25.273249999999997,0.0,0.05875,0.05891343411529931,5.298405299925333,0.0
2017-12-24 03:00:00,360.0,0,25.2665,0.0,0.05725,0.05749638329629175,5.060861561782458,0.0
2017-12-24 03:05:00,360.5,0,25.268250000000002,0.0,0.058499999999999996,0.058691567857633686,5.267679060381736,0.0
2017-12-24 03:10:00,360.5,0,25.2575,0.0,0.059,0.059174265779780806,5.325761466532134,0.0
2017-12-24 03:15:00,360.0,0,25.258333333333333,0.0,0.05916666666666667,0.05942637587237886,5.350185352219072,0.0
2017-12-24 03:20:00,360.0,0,25.2575,0.0,0.0595,0.059731512719036775,5.398825484371253,0.0
2017-12-24 03:25:00,360.0,0,25.248333333333335,0.0,0.05944444444444445,0.0596434120330524,5.422492491191063,0.0
2017-12-24 03:30:00,360.0,0,25.244,0.0,0.058249999999999996,0.05841547405038455,5.204242442188987,0.0
2017-12-24 03:35:00,360.0,0,25.24666666666667,0.0,0.06055555555555555,0.06091641643493781,5.550716709118443,0.0
2017-12-24 03:40:00,360.0,0,25.24,0.0,0.058333333333333334,0.05853570281280367,5.241659764247728,0.0
2017-12-24 03:45:00,360.0,0,25.235,0.0,0.062,0.06224521843125011,5.738478853170446,0.0
2017-12-24 03:50:00,360.0,0,25.225,0.0,0.059,0.059207920724377736,5.33453539083964,0.0
2017-12-24 03:55:00,360.0,0,25.21925,0.0,0.05975,0.05991415802434888,5.423344036533632,0.0
2017-12-24 04:00:00,360.0,0,25.2245,0.0,0.0595,0.05965929476430057,5.404852253407047,0.0
2017-12-24 04:05:00,360.0,0,25.209444444444447,0.0,0.05944444444444445,0.059620649896167756,5.397227328102986,0.0
2017-12-24 04:10:00,360.0,0,25.20875,0.0,0.061,0.06120943279832506,5.643503339939589,0.0
2017-12-24 04:15:00,360.0,0,25.195999999999998,0.0,0.06025,0.06042941354572699,5.5292088921946165,0.0
2017-12-24 04:20:00,360.0,0,25.2015,0.0,0.05975,0.0599255995279399,5.450650563812077,0.0
2017-12-24 04:25:00,360.0,0,25.195277777777775,0.0,0.061111111111111116,0.06130920079663835,5.640774054233382,0.0
2017-12-24 04:30:00,360.0,0,25.19333333333333,0.0,0.060000000000000005,0.06021508062601242,5.476487052307837,0.0
2017-12-24 04:35:00,360.0,0,25.1835,0.0,0.06,0.060118382135428236,5.491258076052846,0.0
2017-12-24 04:40:00,360.0,0,25.179722222222225,0.0,0.059444444444444446,0.059535778474782544,5.434264324007696,0.0
2017-12-24 04:45:00,360.0,0,25.18375,0.0,0.06,0.06014599428360597,5.48514084784434,0.0
2017-12-24 04:50:00,360.0,0,25.179166666666667,0.0,0.060277777777777784,0.060537531671402446,5.503830398235714,0.0
2017-12-24 04:55:00,360.0,0,25.171499999999998,0.0,0.06,0.06012878701128142,5.4929883421076,0.0
2017-12-24 05:00:00,360.0,0,25.1575,0.0,0.0605,0.0606121699477772,5.568799515218428,0.0
2017-12-24 05:05:00,359.5,0,25.15625,0.0,0.0605,0.06059927754042181,5.553817903529707,0.0
2017-12-24 05:10:00,360.0,0,25.1455,0.0,0.0595,0.05960765712236733,5.424311286422233,0.0
2017-12-24 05:15:00,360.0,0,25.139166666666668,0.0,0.06055555555555556,0.060766748103015994,5.5712631348146475,0.0
2017-12-24 05:20:00,360.0,0,25.142500000000002,0.0,0.0595,0.059731518815552796,5.428788707748696,0.0
2017-12-24 05:25:00,360.0,0,25.1365625,0.0,0.058437499999999996,0.058606132523829,5.232250372988448,0.0
2017-12-24 05:30:00,358.5,0,25.12575,0.0,0.06275,0.0641375368662176,5.750040752594016,0.0
2017-12-24 05:35:00,360.0,0,25.12575,0.0,0.059500000000000004,0.05973170284816005,5.401572639642962,0.0
2017-12-24 05:40:00,360.0,0,25.125555555555557,0.0,0.060000000000000005,0.06015430581659784,5.490080892771182,0.0
2017-12-24 05:45:00,360.0,0,25.1215,0.0,0.059,0.059190426912324665,5.342382885102898,0.0
2017-12-24 05:50:00,359.0,0,25.1155,0.0,0.06,0.06013684909318097,5.507969953796321,0.0
2017-12-24 05:55:00,359.5,0,25.10875,0.0,0.0605,0.06074105430532435,5.558204865683459,0.0
2017-12-24 06:00:00,359.5,0,25.10725,0.0,0.057999999999999996,0.058164176213282695,5.200732270751123,0.0
2017-12-24 06:05:00,356.6666666666667,0,25.09888888888889,0.0,0.05972222222222223,0.059953599188815654,5.454810749703901,0.0
2017-12-24 06:10:00,359.0,0,25.09125,0.0,0.057749999999999996,0.05791670802272762,5.167258875935817,0.0
2017-12-24 06:15:00,357.0,0,25.08625,0.0,0.058499999999999996,0.0585709437216402,5.286030745007254,0.0
2017-12-24 06:20:00,355.5,0,25.089,0.0,0.058249999999999996,0.058368127483242924,5.2675389618806685,0.0
2017-12-24 06:25:00,355.0,0,25.085625,0.0,0.059375,0.05951158178160984,5.410522703288916,0.0
2017-12-24 06:30:00,359.0,0,25.073999999999998,0.0,0.05975,0.059926668678947186,5.440055914277107,0.0
2017-12-24 06:35:00,357.5,0,25.063499999999998,0.0,0.0595,0.05966912602928583,5.4199243242684805,0.0
2017-12-24 06:40:00,358.0,0,25.060499999999998,0.0,0.05975,0.05987121360591942,5.468379330772509,0.0
2017-12-24 06:45:00,358.0,0,25.054499999999997,0.1,0.058499999999999996,0.05873955287138535,5.249950293421305,0.0
2017-12-24 06:50:00,356.1111111111111,0,25.055,0.5277777777777778,0.058611111111111114,0.05883737798708519,5.232658245009881,0.0
2017-12-24 06:55:00,357.5,0,25.04825,0.875,0.06,0.06026063492203887,5.488510920781136,0.0
2017-12-24 07:00:00,355.5,0,25.04525,1.425,0.059,0.059265031489025094,5.337995922949145,0.0
2017-12-24 07:05:00,356.5,0,25.03725,2.0,0.06,0.060301160882745786,5.471889502210372,0.0
2017-12-24 07:10:00,358.0,0,25.04325,2.5,0.05975,0.059924411996011034,5.4577846812375395,0.0
2017-12-24 07:15:00,359.44444444444446,0,25.038888888888888,3.5833333333333335,0.05916666666666667,0.059334669582663715,5.373628507660435,0.0
2017-12-24 07:20:00,358.8888888888889,0,25.02472222222222,4.194444444444445,0.061388888888888896,0.061528233354290404,5.654523559697914,0.0
2017-12-24 07:25:00,360.0,0,25.03475,5.0,0.060250000000000005,0.060424773359858006,5.5169744357776045,0.0
2017-12-24 07:30:00,359.5,0,25.03125,6.125,0.06025,0.06040270862422955,5.535326120403122,0.0
2017-12-24 07:35:00,359.0,0,25.0395,6.875,0.06025,0.06046320541095509,5.490290826164246,0.0
2017-12-24 07:40:00,360.0,0,25.0325,7.9375,0.061250000000000006,0.06139729296027782,5.663622923006269,0.0
2017-12-24 07:45:00,359.5,0,25.0295,9.2,0.0595,0.05978106037087384,5.362654573612593,0.0
2017-12-24 07:50:00,360.0,0,25.0455,10.475000000000001,0.0595,0.059623134484771634,5.428788707748696,0.0
2017-12-24 07:55:00,360.0,0,25.03875,11.375,0.0595,0.059603604129310976,5.4138070960599745,0.0
2017-12-24 08:00:00,360.0,0,25.04475,12.625,0.059250000000000004,0.059469456371252435,5.357504595292687,0.0
2017-12-24 08:05:00,360.0,0,25.041666666666664,13.444444444444446,0.05972222222222223,0.05989773268594065,5.454810749703901,0.0
2017-12-24 08:10:00,360.0,0,25.04875,14.3,0.06025,0.06035745660241544,5.4992456688171725,0.0
2017-12-24 08:15:00,360.0,0,25.057222222222222,14.805555555555555,0.061666666666666675,0.06196769509434606,5.715058865853274,0.0
2017-12-24 08:20:00,360.0,0,25.06,15.424999999999999,0.06025,0.060436727198609874,5.5114801252341845,0.0
2017-12-24 08:25:00,360.0,0,25.0625,16.225,0.05875,0.058935816072398235,5.298405299925333,0.0
2017-12-24 08:30:00,360.0,0,25.065277777777776,16.61111111111111,0.061111111111111116,0.06123509955295976,5.657420289443073,0.0
2017-12-24 08:35:00,360.0,0,25.048250000000003,17.299999999999997,0.06075,0.060899230445994684,5.58281387701855,0.0
2017-12-24 08:40:00,360.0,0,25.058249999999997,17.8,0.059750000000000004,0.0599803921820284,5.398875123699609,0.0
2017-12-24 08:45:00,359.5,0,25.0685,17.775,0.06175,0.06189265830721771,5.737806296177004,0.0
2017-12-24 08:50:00,360.0,0,25.064999999999998,17.61111111111111,0.06027777777777778,0.06044501099200146,5.510627318467389,0.0
2017-12-24 08:55:00,359.0,0,25.08375,17.725,0.06025,0.0604899988469393,5.52025404954169,0.0
2017-12-24 09:00:00,359.5,0,25.096,18.099999999999998,0.06025,0.06061878753124822,5.501852725587815,0.0
2017-12-24 09:05:00,359.0,0,25.096,18.549999999999997,0.065,0.06624113692504444,6.0974477748764455,0.0
2017-12-24 09:10:00,357.5,0,25.064999999999998,18.5,0.06625,0.0669219064370353,6.17951965630416,0.0
2017-12-25 09:10:00,355.0,0,24.97,18.464285714285715,0.07214285714285715,0.07230202475646938,6.802429446902133,0.0
2017-12-25 09:15:00,355.0,0,24.972250000000003,18.5,0.07150000000000001,0.07168713495607594,6.770181162086645,0.0
2017-12-25 09:20:00,355.0,1,25.008055555555554,18.86111111111111,0.07055555555555557,0.07069863875999868,6.637289205919688,0.0
2017-12-25 09:25:00,355.0,0,25.0196875,19.03125,0.0703125,0.07047137711890022,6.52426559233041,0.0
2017-12-25 09:30:00,355.0,0,25.032249999999998,19.675,0.06925,0.06946245387670305,6.463549051456287,0.0
2017-12-25 09:35:00,355.0,0,25.043499999999998,20.175,0.07050000000000001,0.07065223644708402,6.650817057867669,0.0
2017-12-25 09:40:00,355.0,0,25.036749999999998,21.15,0.07025,0.07045776466914051,6.5811727522937025,0.0
2017-12-25 09:45:00,355.0,0,25.052500000000002,22.13888888888889,0.07083333333333333,0.07096306858114923,6.692925491069431,0.0
2017-12-25 09:50:00,355.0,0,25.071111111111108,21.27777777777778,0.07027777777777779,0.07047002626811837,6.582822806948007,0.0
2017-12-25 09:55:00,355.0,0,25.07,23.299999999999997,0.06725,0.06739425198170321,6.227071548140967,0.0
2017-12-25 10:00:00,355.0,0,25.085250000000002,23.5,0.07075000000000001,0.07094075562072415,6.603084247685441,0.0
2017-12-25 10:05:00,355.0,0,25.119,23.525,0.07175000000000001,0.07191324440232164,6.858741904856615,0.0
2017-12-25 10:10:00,355.0,0,25.116666666666667,23.72222222222222,0.07222222222222222,0.07247016543988884,6.872683495914323,0.0
2017-12-25 10:15:00,355.0,0,25.1435,24.7,0.07250000000000001,0.07266841515591674,6.880020345256459,0.0
2017-12-25 10:20:00,355.0,0,25.146250000000002,25.8,0.07025,0.07043560876818479,6.586757522009835,0.0
2017-12-25 10:25:00,355.0,0,25.152,25.45,0.07325000000000001,0.07340929388777126,6.944341415023379,0.0
2017-12-25 10:30:00,355.0,0,25.18975,26.35,0.07150000000000001,0.07169242655439347,6.79073740616469,0.0
2017-12-25 10:35:00,355.0,0,25.189999999999998,26.47222222222222,0.07,0.07013603943202465,6.563571396234322,0.0
2017-12-25 10:40:00,355.0,0,25.188333333333333,26.666666666666664,0.07388888888888889,0.07399183658850886,7.067847875795669,0.0
2017-12-25 10:45:00,355.0,0,25.200499999999998,28.9,0.07125000000000001,0.07137703905847662,6.737804978334199,0.0
2017-12-25 10:50:00,355.0,0,25.217,28.025,0.07100000000000001,0.07114443801457429,6.712721673601334,0.0
2017-12-25 10:55:00,355.0,0,25.2175,29.9,0.07125000000000001,0.07153647711413293,6.670053194067356,0.0
2017-12-25 11:00:00,355.0,1,25.21,30.944444444444446,0.07083333333333335,0.07098510965797193,6.707247344580772,0.0
2017-12-25 11:05:00,355.0,0,25.233249999999998,30.799999999999997,0.08224999999999999,0.08534033164540529,7.925354944299338,0.0
2017-12-25 11:10:00,355.0,0,25.254,31.125,0.07050000000000001,0.07063243951386536,6.634669932694679,0.0
2017-12-25 11:15:00,355.0,0,25.2585,32.625,0.07475000000000001,0.07581952739008853,7.068888656548335,0.0
2017-12-25 11:20:00,355.0,0,25.26,30.8,0.07500000000000001,0.07626801334847458,7.1658483088847476,0.0
2017-12-25 11:25:00,355.0,0,25.265833333333333,30.694444444444443,0.07027777777777777,0.07050186802334735,6.549429826336725,0.0
2017-12-25 11:30:00,355.0,0,25.2875,31.200000000000003,0.07999999999999999,0.08228698535520731,7.707169197963313,0.0
2017-12-25 11:35:00,355.0,0,25.283333333333335,34.138888888888886,0.07111111111111111,0.07136776283369037,6.753661817608592,0.0
2017-12-25 11:40:00,355.0,0,25.284,32.8,0.07125000000000001,0.07149426486636551,6.721635696409907,0.0
2017-12-25 11:45:00,355.0,0,25.3035,35.25,0.07750000000000001,0.07937610679584989,7.343393916244016,0.0
2017-12-25 11:50:00,355.0,0,25.31277777777778,37.27777777777778,0.08055555555555555,0.08235998122522287,7.722161436157085,0.0
2017-12-25 11:55:00,355.0,0,25.31861111111111,35.94444444444444,0.08027777777777778,0.08283967945352264,7.659646498963136,0.0
2017-12-25 12:00:00,355.0,0,25.325499999999998,38.25,0.09325,0.09811057174791721,8.880665278221619,0.0
2017-12-25 12:05:00,355.0,0,25.317,40.75,0.07175000000000001,0.07197365513621037,6.779740259311606,0.0
2017-12-25 12:10:00,355.0,0,25.336944444444445,41.333333333333336,0.08472222222222223,0.0871242064460784,8.173856450593666,0.0
2017-12-25 12:15:00,355.0,0,25.3515,40.975,0.07300000000000001,0.07331554911660881,6.99525988613873,0.0
2017-12-25 12:20:00,355.0,0,25.34875,38.05,0.07250000000000001,0.07274579691015245,6.889377685227501,0.0
2017-12-25 12:25:00,355.0,0,25.363750000000003,40.975,0.07150000000000001,0.07175497446756643,6.836265656894392,0.0
2017-12-25 12:30:00,355.0,0,25.380249999999997,40.724999999999994,0.07675000000000001,0.07784122330927248,7.348819812315089,0.0
2017-12-25 12:35:00,355.0,0,25.386875,40.59375,0.0721875,0.07242974379474851,6.921997080542816,0.0
2017-12-25 12:40:00,355.0,0,25.3925,39.275000000000006,0.07225000000000001,0.0725286117412966,6.876740731492374,0.0
2017-12-25 12:45:00,355.0,0,25.4,40.550000000000004,0.07750000000000001,0.07924089127023251,7.458230959808173,0.0
2017-12-25 12:50:00,355.0,0,25.4,40.775,0.07325000000000001,0.07358132809782611,7.022616052745531,0.0
2017-12-25 12:55:00,355.0,0,25.4255,41.175,0.07100000000000001,0.07115157530057185,6.7376750171599396,0.0
2017-12-25 13:00:00,355.0,0,25.440833333333334,41.94444444444444,0.07111111111111111,0.07131382761904347,6.743711992438674,0.0
2017-12-25 13:05:00,355.0,0,25.439,41.05,0.07175000000000001,0.07197171567568247,6.835863159576277,0.0
2017-12-25 13:10:00,355.0,0,25.439,41.525,0.07600000000000001,0.0770407048646006,7.260950401682553,0.0
2017-12-25 13:15:00,355.0,0,25.451,41.15,0.08125000000000002,0.08963671431615977,7.501538417598182,0.0
2017-12-25 13:20:00,355.0,0,25.4645,41.5,0.08675,0.09212301806653123,8.265639021238691,0.0
2017-12-25 13:25:00,355.0,0,25.4525,40.58333333333333,0.07305555555555557,0.07325346279194019,6.94097917377238,0.0
2017-12-25 13:30:00,355.0,0,25.45583333333333,39.5,0.07166666666666667,0.0718581234358806,6.771135111788396,0.0
2017-12-25 13:35:00,355.0,0,25.47325,38.675,0.07125000000000001,0.0713958644926039,6.741116886176394,0.0
2017-12-25 13:40:00,355.0,0,25.479,41.474999999999994,0.07175000000000001,0.07204538977878494,6.824613298298112,0.0
2017-12-25 13:45:00,355.0,0,25.501,41.6,0.07125000000000001,0.07140579242684075,6.780635713120547,0.0
2017-12-25 13:50:00,355.0,0,25.505833333333335,44.75,0.07055555555555557,0.07068559746507011,6.684251408381758,0.0
2017-12-25 13:55:00,355.0,0,25.512,46.974999999999994,0.07350000000000001,0.07468139152922569,6.969796240839053,0.0
2017-12-25 14:00:00,355.0,0,25.52675,45.95,0.07425000000000001,0.07491884356106071,7.085269833053355,0.0
2017-12-25 14:05:00,355.0,0,25.52275,44.45,0.07175000000000001,0.071915840118048,6.805881273105783,0.0
2017-12-25 14:10:00,355.0,0,25.529249999999998,44.8,0.08099999999999999,0.08397847101555332,7.8009295583815454,0.0
2017-12-25 14:15:00,355.0,0,25.534444444444443,45.5,0.0788888888888889,0.08206481706099991,7.525561397329941,0.0
2017-12-25 14:20:00,355.0,0,25.548,46.349999999999994,0.07750000000000001,0.08028788622030153,7.384497766582922,0.0
2017-12-25 14:25:00,355.0,0,25.57861111111111,48.19444444444444,0.07555555555555554,0.07600673318532775,7.2655524769450555,0.0
2017-12-25 14:30:00,355.0,0,25.5695,46.525,0.07275000000000001,0.07293051828237467,6.995372502062744,0.0
2017-12-25 14:35:00,355.0,1,25.5859375,45.34375,0.0728125,0.07297211289963301,6.954735396945982,0.0
2017-12-25 14:40:00,355.0,0,25.584000000000003,44.525000000000006,0.07475000000000001,0.07488975177285298,7.2039290862007785,0.0
2017-12-25 14:45:00,355.0,0,25.592750000000002,41.3,0.07200000000000001,0.07219339785224095,6.825448110543925,0.0
2017-12-25 14:50:00,355.0,0,25.600500000000004,38.175,0.07175000000000001,0.07192307279206996,6.803134117834072,0.0
2017-12-25 14:55:00,355.0,0,25.593000000000004,38.474999999999994,0.07425000000000001,0.07445689202141041,7.1833232027943765,0.0
2017-12-25 15:00:00,355.0,0,25.606875,38.53125,0.07375000000000001,0.07403449182118534,7.057280654123847,0.0
2017-12-25 15:05:00,355.0,0,25.600250000000003,37.45,0.07200000000000001,0.07226147134546994,6.8386276600982345,0.0
2017-12-25 15:10:00,355.0,0,25.611000000000004,34.375,0.08000000000000002,0.08149949021851427,7.8038066748275146,0.0
2017-12-25 15:15:00,355.0,0,25.606500000000004,33.3,0.08299999999999999,0.0860334091591616,7.997058566665832,0.0
2017-12-25 15:20:00,355.0,0,25.615833333333335,31.083333333333336,0.08305555555555555,0.08621896069621254,8.007598329694286,0.0
2017-12-25 15:25:00,355.0,0,25.600833333333334,30.27777777777778,0.07666666666666666,0.07730102745948371,7.4004731049122086,0.0
2017-12-25 15:30:00,355.0,0,25.603500000000004,28.450000000000003,0.07500000000000001,0.07548730084974654,7.245522511423198,0.0
2017-12-25 15:35:00,355.0,0,25.605000000000004,26.674999999999997,0.07375000000000001,0.07397332090885586,7.077237926786423,0.0
2017-12-25 15:40:00,355.0,0,25.601750000000003,24.675000000000004,0.07275000000000001,0.07292423402042007,7.002032326090432,0.0
2017-12-25 15:45:00,355.0,0,25.608000000000004,23.6,0.07275000000000001,0.07303316695311254,6.917456048156101,0.0
2017-12-25 15:50:00,355.0,1,25.615833333333335,22.194444444444446,0.08222222222222222,0.08501326699406936,7.885163689414723,0.0
2017-12-25 15:55:00,354.5,0,25.626000000000005,20.75,0.08574999999999999,0.08926885305987561,8.264799467467238,0.0
2017-12-25 16:00:00,352.0,0,25.615500000000004,19.425,0.07350000000000001,0.07379367199619499,6.974161046241503,0.0
2017-12-25 16:05:00,353.0,0,25.600500000000004,18.275,0.07325000000000001,0.07342165880279988,6.9814574189193355,0.0
2017-12-25 16:10:00,353.0,0,25.605000000000004,17.375,0.07225000000000001,0.07246882106595984,6.902827294457137,0.0
2017-12-25 16:15:00,351.1111111111111,0,25.593333333333334,15.305555555555554,0.07138888888888889,0.07148150977441606,6.82291656183424,0.0
2017-12-25 16:20:00,351.1111111111111,0,25.595000000000002,14.11111111111111,0.10111111111111112,0.12626120271210461,8.64008157077256,0.0
2017-12-25 16:25:00,353.0,0,25.6,12.85,0.07325000000000001,0.07345602668365328,7.020595905296676,0.0
2017-12-25 16:30:00,351.0,0,25.600500000000004,12.175,0.07175000000000001,0.07196454568487473,6.825268510041308,0.0
2017-12-25 16:35:00,351.0,0,25.612500000000004,10.7,0.08124999999999999,0.0824320697729776,7.940121852280929,0.0
2017-12-25 16:40:00,350.0,0,25.61416666666667,9.055555555555555,0.08083333333333334,0.08375592855913425,7.757946814071201,0.0
2017-12-25 16:45:00,350.5,0,25.607750000000003,7.65,0.07275000000000001,0.07301150358533426,6.932640734941546,0.0
2017-12-25 16:50:00,350.0,0,25.5995,6.75,0.07150000000000001,0.07169720652778186,6.738419370233041,0.0
2017-12-25 16:55:00,350.0,0,25.587249999999997,5.5,0.07150000000000001,0.07165042043785788,6.80963168660939,0.0
2017-12-25 17:00:00,350.0,0,25.595000000000002,4.444444444444445,0.07222222222222222,0.07237483452481248,6.870760978075708,0.0
2017-12-25 17:05:00,350.0,0,25.582749999999997,3.625,0.07175000000000001,0.0718780690080803,6.816363306716738,0.0
2017-12-25 17:10:00,350.0,0,25.572,3.125,0.07300000000000001,0.07322370354526375,6.95095159972271,0.0
2017-12-25 17:15:00,350.0,0,25.568055555555556,2.25,0.0788888888888889,0.08146937786247538,7.504706437963973,0.0
2017-12-25 17:20:00,350.0,0,25.565749999999998,1.85,0.07325000000000001,0.0734424190553389,7.0010242563574785,0.0
2017-12-25 17:25:00,350.0,0,25.562777777777775,1.3333333333333335,0.07333333333333333,0.07348259543911909,7.003984727200605,0.0
2017-12-25 17:30:00,350.0,0,25.558,0.9500000000000001,0.07375000000000001,0.0739660998369594,7.063606240585641,0.0
2017-12-25 17:35:00,350.5,0,25.555999999999997,0.55,0.07800000000000001,0.07980412722242654,7.483932038047191,0.0
2017-12-25 17:40:00,350.0,0,25.55275,0.225,0.09475,0.11453211556645307,8.414708675737042,0.0
2017-12-25 17:45:00,350.0,0,25.5495,0.0,0.07375000000000001,0.0740004578292463,7.060638664966961,0.0
2017-12-25 17:50:00,350.0,0,25.5575,0.0,0.07361111111111113,0.07373962160731318,7.06597071333967,0.0
2017-12-25 17:55:00,350.0,3,25.5445,0.0,0.07225000000000001,0.07240945222153636,6.878290079201705,0.0
2017-12-25 18:00:00,350.5,0,25.528000000000002,0.0,0.07250000000000001,0.07258694537666859,6.886751965363807,0.0
2017-12-25 18:05:00,350.5,0,25.528000000000002,0.0,0.0925,0.10995814130893011,8.165418328989578,0.0
2017-12-25 18:10:00,354.44444444444446,0,25.527500000000003,0.0,0.08027777777777778,0.09033797553116929,7.329646532898304,0.0
2017-12-25 18:15:00,353.3333333333333,0,25.52583333333333,0.0,0.07222222222222223,0.07244374220035327,6.845465278790902,0.0
2017-12-25 18:20:00,354.0,0,25.522000000000002,0.0,0.07100000000000001,0.07116834904259234,6.779511019480633,0.0
2017-12-25 18:25:00,351.0,0,25.52825,0.0,0.07325000000000001,0.07338277316509663,6.999406606226739,0.0
2017-12-25 18:30:00,353.5,0,25.525000000000002,0.0,0.07325000000000001,0.07340594648918568,6.982694728483264,0.0
2017-12-25 18:35:00,355.0,0,25.52975,0.0,0.07175000000000001,0.07193475514134394,6.774702896915715,0.0
2017-12-25 18:40:00,354.44444444444446,0,25.52111111111111,0.0,0.07277777777777779,0.07296884010872798,6.999658054241797,0.0
2017-12-25 18:45:00,353.0,0,25.525000000000002,0.0,0.07300000000000001,0.07317825382384253,6.987525007799484,0.0
2017-12-25 18:50:00,351.5,0,25.520500000000002,0.0,0.07300000000000001,0.07314620366693171,6.984827491856131,0.0
2017-12-25 18:55:00,351.0,0,25.5115,0.0,0.07500000000000001,0.07528501923299255,7.2323429618688895,0.0
2017-12-25 19:00:00,353.3333333333333,0,25.505833333333335,0.0,0.07083333333333333,0.07101727334393823,6.685626196786123,0.0
2017-12-25 19:05:00,351.1111111111111,0,25.514166666666668,0.0,0.07138888888888889,0.07151190140754538,6.792575975969301,0.0
2017-12-25 19:10:00,352.0,0,25.516000000000002,0.0,0.07200000000000001,0.07216093883731975,6.830942421087345,0.0
2017-12-25 19:15:00,353.8888888888889,0,25.5075,0.0,0.07277777777777777,0.07299255225218772,6.930594354065413,0.0
2017-12-25 19:20:00,352.5,0,25.51,0.0,0.07150000000000001,0.07166349971040482,6.7962898818027115,0.0
2017-12-25 19:25:00,353.8888888888889,0,25.5125,0.0,0.07138888888888889,0.07164345148469664,6.7154742080260945,0.0
2017-12-25 19:30:00,351.5,0,25.5055,0.0,0.07075000000000001,0.07088369522390459,6.686495012135504,0.0
2017-12-25 19:35:00,350.5,0,25.51,0.0,0.07125000000000001,0.07142261112464884,6.652776563753397,0.0
2017-12-25 19:40:00,353.8888888888889,0,25.5075,0.0,0.07361111111111111,0.07381980010457717,6.989316164638815,0.0
2017-12-25 19:45:00,352.0,0,25.51,0.0,0.07275000000000001,0.072843319395098,6.923482817191896,0.0
2017-12-25 19:50:00,352.22222222222223,0,25.494166666666665,0.0,0.07111111111111111,0.07137595725849556,6.644933921891532,0.0
2017-12-25 19:55:00,351.6666666666667,0,25.504166666666666,0.0,0.07305555555555555,0.07317346561458182,6.940351670916286,0.0
2017-12-25 20:00:00,350.55555555555554,0,25.5075,0.0,0.07222222222222223,0.07252057511892365,6.8974023938379325,0.0
2017-12-25 20:05:00,352.5,0,25.503500000000003,0.0,0.07150000000000001,0.07175799606808751,6.69342489583852,0.0
2017-12-25 20:10:00,352.5,0,25.506,0.0,0.07150000000000001,0.07167634620136795,6.6823372898127245,0.0
2017-12-25 20:15:00,351.6666666666667,0,25.4925,0.0,0.07138888888888889,0.071633136037521,6.675229152373854,0.0
2017-12-25 20:20:00,352.0,0,25.481250000000003,0.0,0.07075000000000001,0.07092445898471769,6.693154836163192,0.0
2017-12-25 20:25:00,351.0,0,25.49425,0.0,0.07050000000000001,0.07070290729664766,6.6218707237071825,0.0
2017-12-25 20:30:00,354.0,0,25.482,0.0,0.07200000000000001,0.07224367579120415,6.819823838826244,0.0
2017-12-25 20:35:00,355.0,0,25.49075,0.0,0.06975,0.06995485560971346,6.554874294748213,0.0
2017-12-25 20:40:00,355.0,0,25.483888888888888,0.0,0.07027777777777779,0.07038684530388392,6.623515081842598,0.0
2017-12-25 20:45:00,353.0,0,25.483249999999998,0.0,0.07150000000000001,0.0715830485019531,6.775665335303259,0.0
2017-12-25 20:50:00,353.0,0,25.467,0.0,0.07150000000000001,0.07160157880734459,6.818496070089607,0.0
2017-12-25 20:55:00,351.1111111111111,0,25.47416666666667,0.0,0.07333333333333333,0.07355529462727248,6.956997906125977,0.0
2017-12-25 21:00:00,353.0,0,25.4625,0.0,0.07300000000000001,0.07323357019857017,6.99148731588382,0.0
2017-12-25 21:05:00,353.8888888888889,0,25.48166666666667,0.0,0.07111111111111112,0.07130705111769416,6.771627686413362,0.0
2017-12-25 21:10:00,354.0,0,25.44875,0.0,0.07350000000000001,0.0737088159521512,7.045494798025869,0.0
2017-12-25 21:15:00,354.5,0,25.436249999999998,0.0,0.07150000000000001,0.07168147875885834,6.833568140951039,0.0
2017-12-25 21:20:00,353.0,0,25.4495,0.0,0.07300000000000001,0.0732028460958889,6.972028282868635,0.0
2017-12-25 21:25:00,352.22222222222223,0,25.448333333333334,0.0,0.07166666666666667,0.0718489960557932,6.8273437449849474,0.0
2017-12-25 21:30:00,355.0,0,25.444499999999998,0.0,0.07225000000000001,0.07239388944342351,6.9122564305078384,0.0
2017-12-25 21:35:00,354.5,0,25.439749999999997,0.0,0.07325000000000001,0.07344326223035663,7.003319274982717,0.0
2017-12-25 21:40:00,355.0,0,25.447249999999997,0.0,0.07250000000000001,0.07276654839939861,6.936462944524814,0.0
2017-12-25 21:45:00,354.0,0,25.43675,0.0,0.07150000000000001,0.07169217970313817,6.811926705234629,0.0
2017-12-25 21:50:00,354.375,0,25.433437499999997,0.0,0.07250000000000001,0.07271707662520634,6.92492790298481,0.0
2017-12-25 21:55:00,355.0,0,25.444499999999998,0.0,0.07100000000000001,0.07117061965195177,6.724445828277274,0.0
2017-12-25 22:00:00,353.5,0,25.438,0.0,0.07075000000000001,0.0708633354993559,6.711958657435181,0.0
2017-12-25 22:05:00,355.0,0,25.4365,0.0,0.07475000000000001,0.07523154191784154,7.234878222559872,0.0
2017-12-25 22:10:00,355.0,0,25.427999999999997,0.0,0.08474999999999999,0.0883286941383363,8.114772726675959,0.0
2017-12-25 22:15:00,355.0,0,25.43138888888889,0.0,0.07138888888888889,0.0715565575263213,6.817294873892911,0.0
2017-12-25 22:20:00,355.0,0,25.441499999999998,0.0,0.07150000000000001,0.07161868084790429,6.80407921097137,0.0
2017-12-25 22:25:00,355.0,0,25.473,0.0,0.07350000000000001,0.07368735974929387,7.046059550596354,0.0
2017-12-25 22:30:00,355.0,0,25.4625,0.0,0.07300000000000001,0.07319433075886775,6.980350070529668,0.0
2017-12-25 22:35:00,355.0,0,25.451999999999998,0.0,0.07525000000000001,0.07545109538113859,7.253218904950619,0.0
2017-12-25 22:40:00,355.0,0,25.44333333333333,0.0,0.07277777777777779,0.07296434346903967,6.971139476023573,0.0
2017-12-25 22:45:00,355.0,0,25.435499999999998,0.0,0.07325000000000001,0.07335725705016059,7.0349001484909,0.0
2017-12-25 22:50:00,355.0,0,25.45,0.0,0.07388888888888889,0.07404312754991385,7.121732127293872,0.0
2017-12-25 22:55:00,355.0,0,25.433999999999997,0.0,0.07025,0.07047847699497314,6.660174397838711,0.0
2017-12-25 23:00:00,355.0,0,25.423499999999997,0.0,0.07200000000000001,0.07214387586500068,6.788111686300997,0.0
2017-12-25 23:05:00,355.0,0,25.425,0.0,0.0725,0.07264303073085637,6.884535102152798,0.0
2017-12-25 23:10:00,355.0,0,25.423249999999996,0.0,0.07125000000000001,0.07141114139964148,6.808506992969476,0.0
2017-12-25 23:15:00,355.0,0,25.421249999999997,0.0,0.07225000000000001,0.07240209198796986,6.869990448291975,0.0
2017-12-25 23:20:00,355.0,0,25.402499999999996,0.0,0.07225000000000001,0.07243799397513959,6.90559660648015,0.0
2017-12-25 23:25:00,355.0,0,25.405499999999996,0.0,0.07200000000000001,0.07212985412345774,6.853771527039326,0.0
2017-12-25 23:30:00,355.0,0,25.41611111111111,0.0,0.07055555555555555,0.07069192338957386,6.667504662980167,0.0
2017-12-25 23:35:00,355.0,0,25.41425,0.0,0.07125000000000001,0.07145059650602023,6.726135274487673,0.0
2017-12-25 23:40:00,355.0,0,25.405499999999996,0.0,0.07025,0.07052678649220342,6.605561343281823,0.0
2017-12-25 23:45:00,355.0,0,25.39833333333333,0.0,0.07166666666666667,0.07179345753102076,6.830943869165543,0.0
2017-12-25 23:50:00,355.0,0,25.401944444444442,0.0,0.06972222222222223,0.06994740360915057,6.5981396091359485,0.0
2017-12-25 23:55:00,355.0,0,25.399749999999997,0.0,0.07225000000000001,0.07235268456470478,6.8910671314379,0.0
2017-12-26 00:00:00,355.0,0,25.400277777777774,0.0,0.07138888888888889,0.07154787197182766,6.82489423448214,0.0
2017-12-26 00:05:00,355.0,0,25.402499999999996,0.0,0.07250000000000001,0.07269445980018929,6.9480248439483825,0.0
2017-12-26 00:10:00,355.0,0,25.394249999999996,0.0,0.07200000000000001,0.07213602864430416,6.912749386998664,0.0
2017-12-26 00:15:00,355.0,0,25.397222222222226,0.0,0.07194444444444445,0.07210238815098172,6.874486231060763,0.0
2017-12-26 00:20:00,355.0,0,25.38525,0.0,0.07125000000000001,0.07143059711267627,6.784570538627828,0.0
2017-12-26 00:25:00,355.0,0,25.378749999999997,0.0,0.07125000000000001,0.07140123438700338,6.797912343434507,0.0
2017-12-26 00:30:00,355.0,0,25.380499999999998,0.0,0.07250000000000001,0.07257567247303065,6.91448847253742,0.0
2017-12-26 00:35:00,355.0,0,25.377499999999998,0.0,0.07075000000000001,0.07093766654132622,6.662536401042552,0.0
2017-12-26 00:40:00,355.0,0,25.381785714285716,0.0,0.07,0.07016973078533104,6.639784974641412,0.0
2017-12-26 00:45:00,355.0,0,25.37625,0.0,0.07250000000000001,0.07265519912627827,6.902876933785494,0.0
2017-12-26 00:50:00,355.0,0,25.384500000000003,0.0,0.07125000000000001,0.0714084360004697,6.7689660092740205,0.0
2017-12-26 00:55:00,355.0,0,25.3745,0.0,0.07100000000000001,0.07122325437989371,6.705529391081271,0.0
2017-12-26 01:00:00,355.0,0,25.375749999999996,0.0,0.07125000000000001,0.07142340918813592,6.778453310419322,0.0
2017-12-26 01:05:00,355.0,0,25.3725,0.0,0.07138888888888889,0.07151722841226997,6.814297633955851,0.0
2017-12-26 01:10:00,355.0,0,25.38275,0.0,0.07275000000000001,0.07292388788590126,6.9680438180329975,0.0
2017-12-26 01:15:00,355.0,0,25.38125,0.0,0.07075000000000001,0.07095110243416508,6.711646619289777,0.0
2017-12-26 01:20:00,355.0,0,25.376111111111108,0.0,0.07194444444444445,0.07212827489226367,6.8485176735372475,0.0
2017-12-26 01:25:00,355.0,0,25.37625,0.0,0.07175000000000001,0.0719386845445244,6.804751767964813,0.0
2017-12-26 01:30:00,355.0,0,25.363888888888887,0.0,0.07194444444444445,0.07212075464787719,6.775059920887469,0.0
2017-12-26 01:35:00,355.0,0,25.353055555555553,0.0,0.07222222222222223,0.07240372861627077,6.894932146565067,0.0
2017-12-26 01:40:00,355.0,0,25.349249999999998,0.0,0.07075000000000001,0.07105453817486923,6.6936477926540165,0.0
2017-12-26 01:45:00,355.0,0,25.356749999999998,0.0,0.07200000000000001,0.07216107569490422,6.868843597900758,0.0
2017-12-26 01:50:00,355.0,0,25.348888888888887,0.0,0.07388888888888889,0.07407881860165876,7.08816420918113,0.0
2017-12-26 01:55:00,355.0,0,25.342,0.0,0.07100000000000001,0.07112820758794242,6.728268037860541,0.0
2017-12-26 02:00:00,355.0,0,25.337,0.0,0.07200000000000001,0.07219650123687701,6.83431249402414,0.0
2017-12-26 02:05:00,355.0,0,25.33925,0.0,0.07250000000000001,0.07269107830330018,6.9541420721568885,0.0
2017-12-26 02:10:00,355.0,0,25.331249999999997,0.0,0.07275000000000001,0.07298006264628853,6.9385548880533285,0.0
2017-12-26 02:15:00,355.0,0,25.33888888888889,0.0,0.07222222222222223,0.07245155547656963,6.930247645014964,0.0
2017-12-26 02:20:00,355.0,0,25.324749999999998,0.0,0.07,0.07003489349218181,6.600501824134628,0.0
2017-12-26 02:25:00,355.0,0,25.313,0.0,0.07125000000000001,0.07140615310629615,6.827401273414176,0.0
2017-12-26 02:30:00,355.0,0,25.317777777777778,0.0,0.07222222222222222,0.07245568998181938,6.838643739946672,0.0
2017-12-26 02:35:00,355.0,0,25.314,0.0,0.07125000000000001,0.0714649549986954,6.7278655405424255,0.0
2017-12-26 02:40:00,355.0,0,25.31,0.0,0.07111111111111112,0.0713648650650288,6.708622132985137,0.0
2017-12-26 02:45:00,355.0,0,25.305999999999997,0.0,0.07050000000000001,0.07065223644708402,6.650817057867669,0.0
2017-12-26 02:50:00,355.0,0,25.296499999999998,0.0,0.07150000000000001,0.07169202651479759,6.760101625793805,0.0
2017-12-26 02:55:00,355.0,0,25.30375,0.0,0.07025,0.07039968307256383,6.613408837545081,0.0
2017-12-26 03:00:00,355.0,0,25.29675,0.0,0.07200000000000001,0.0721521749936859,6.81148338807216,0.0
2017-12-26 03:05:00,355.0,0,25.299999999999997,0.0,0.07,0.07014188239365401,6.587050433984697,0.0
2017-12-26 03:10:00,355.0,0,25.285249999999998,0.0,0.07125000000000001,0.07143239028997553,6.7685138726275484,0.0
2017-12-26 03:15:00,355.0,0,25.281999999999996,0.0,0.07025,0.07037688817477764,6.654057169630205,0.0
2017-12-26 03:20:00,355.0,0,25.281750000000002,0.0,0.07275000000000001,0.07290914673522617,6.960308939693751,0.0
2017-12-26 03:25:00,355.0,0,25.2815,0.0,0.07050000000000001,0.07072972718189155,6.65631136841109,0.0
2017-12-26 03:30:00,355.0,0,25.270625,0.0,0.071875,0.07201062928916496,6.8891860577714,0.0
2017-12-26 03:35:00,355.0,0,25.28,0.0,0.07650000000000001,0.07763305897951926,7.372778423408039,0.0
2017-12-26 03:40:00,355.0,0,25.282999999999998,0.0,0.07175000000000001,0.0719155025224246,6.864859133065121,0.0
2017-12-26 03:45:00,355.0,0,25.276944444444442,0.0,0.07111111111111111,0.0712832857415067,6.75853622000165,0.0
2017-12-26 03:50:00,355.0,0,25.2725,0.0,0.07200000000000001,0.07222604662368282,6.832600891062438,0.0
2017-12-26 03:55:00,355.0,0,25.266666666666666,0.0,0.07111111111111112,0.07125297549364619,6.732668172670037,0.0
2017-12-26 04:00:00,355.0,0,25.274,0.0,0.07125000000000001,0.07136657815628229,6.728882429759382,0.0
2017-12-26 04:05:00,355.0,0,25.2725,0.0,0.07150000000000001,0.07172113786242479,6.826998776096061,0.0
2017-12-26 04:10:00,355.0,0,25.2605,0.0,0.07050000000000001,0.07064589971105521,6.630282970540927,0.0
2017-12-26 04:15:00,355.0,0,25.26,0.0,0.07222222222222222,0.07251219305115118,6.8827584498887,0.0
2017-12-26 04:20:00,355.0,0,25.259,0.0,0.07075000000000001,0.07086980661553793,6.742102799158046,0.0
2017-12-26 04:25:00,355.0,0,25.24,0.0,0.07111111111111111,0.07138978292240628,6.65478323686955,0.0
2017-12-26 04:30:00,355.0,0,25.247,0.0,0.07200000000000001,0.07214230588885343,6.853749370288023,0.0
2017-12-26 04:35:00,355.0,0,25.2365,0.0,0.07150000000000001,0.07174416355197069,6.78680258065741,0.0
2017-12-26 04:40:00,355.0,0,25.223333333333333,0.0,0.07083333333333333,0.07106185627957934,6.665180281281819,0.0
2017-12-26 04:45:00,355.0,0,25.22125,0.0,0.07175000000000001,0.07189868375334563,6.867041535766345,0.0
2017-12-26 04:50:00,355.0,0,25.21425,0.0,0.07100000000000001,0.07118788190502062,6.71612404061624,0.0
2017-12-26 04:55:00,355.0,0,25.216,0.0,0.07175000000000001,0.07191293840710539,6.836987853216192,0.0
2017-12-26 05:00:00,355.0,0,25.20975,0.0,0.0695,0.06963791487091461,6.558114406510748,0.0
2017-12-26 05:05:00,355.0,0,25.206666666666667,0.0,0.07250000000000001,0.07265420031988784,6.945718647934308,0.0
2017-12-26 05:10:00,355.0,0,25.204250000000002,0.0,0.07125000000000001,0.0714163982231906,6.766218854002311,0.0
2017-12-26 05:15:00,355.0,0,25.1965,0.0,0.07050000000000001,0.07067799305780513,6.691917526599265,0.0
2017-12-26 05:20:00,355.0,0,25.190833333333334,0.0,0.07111111111111111,0.07147020954940422,6.720449120611055,0.0
2017-12-26 05:25:00,355.0,0,25.19825,0.0,0.07200000000000001,0.07209362095248283,6.827120211504077,0.0
2017-12-26 05:30:00,355.0,0,25.180833333333332,0.0,0.07166666666666667,0.07186156729684823,6.820647334945177,0.0
2017-12-26 05:35:00,355.0,0,25.1755,0.0,0.07100000000000001,0.07113353690504091,6.745522511423198,0.0
2017-12-26 05:40:00,355.0,0,25.168,0.0,0.07175000000000001,0.07191435034887977,6.83534804633415,0.0
2017-12-26 05:45:00,355.0,0,25.16675,0.0,0.07050000000000001,0.07064304942762278,6.625150337471268,0.0
2017-12-26 05:50:00,355.0,0,25.150000000000002,0.0,0.07250000000000001,0.07269111443884055,6.931312966204907,0.0
2017-12-26 05:55:00,355.0,0,25.149166666666666,0.0,0.06916666666666667,0.06928296028626371,6.5082379290221954,0.0
2017-12-26 06:00:00,355.0,0,25.148500000000002,0.0,0.0695,0.06971396834837967,6.485320448346957,0.0
2017-12-26 06:05:00,355.0,0,25.137999999999998,0.0,0.07150000000000001,0.07170607087365075,6.795214827491154,0.0
2017-12-26 06:10:00,355.0,0,25.1215,0.0,0.07,0.07010510429980424,6.614376087433682,0.0
2017-12-26 06:15:00,355.0,0,25.115833333333335,0.0,0.07083333333333333,0.07103501645257368,6.653488221887029,0.0
2017-12-26 06:20:00,355.0,0,25.114166666666666,0.0,0.07,0.07018243403492971,6.6197154015479835,0.0
2017-12-26 06:25:00,354.0,0,25.1155,0.0,0.07150000000000001,0.07164954121257891,6.841325176041587,0.0
2017-12-26 06:30:00,354.0,0,25.111,0.0,0.0695,0.06972619194960425,6.55154504165577,0.0
2017-12-26 06:35:00,354.5,0,25.092750000000002,0.0,0.07150000000000001,0.07181055325690343,6.738297934825025,0.0
2017-12-26 06:40:00,353.3333333333333,0,25.0775,0.0,0.07055555555555555,0.070719142476705,6.659577865840764,0.0
2017-12-26 06:45:00,354.0,0,25.07975,0.0,0.07150000000000001,0.07160578947038021,6.76790830021271,0.0
2017-12-26 06:50:00,350.5,0,25.0655,0.475,0.07125000000000001,0.07143186353317754,6.7344349053974035,0.0
2017-12-26 06:55:00,352.22222222222223,0,25.039722222222224,0.7777777777777778,0.07194444444444445,0.07206422262633314,6.878733130597727,0.0
2017-12-26 07:00:00,350.5,0,25.03125,1.325,0.07300000000000001,0.07333085836773924,6.964131149277018,0.0
2017-12-26 07:05:00,350.0,0,25.017222222222223,1.8888888888888888,0.07083333333333333,0.07097847882426853,6.723266076934369,0.0
2017-12-26 07:10:00,350.0,0,24.99125,2.25,0.07225000000000001,0.07242761660843859,6.8910671314379,0.0
2017-12-26 07:15:00,350.0,0,24.971944444444443,3.3333333333333335,0.07166666666666667,0.07186135816549757,6.794051274565566,0.0
2017-12-26 07:20:00,350.0,0,24.988,3.9499999999999997,0.07250000000000001,0.07258623930054098,6.918965893863883,0.0
2017-12-26 07:25:00,350.0,0,24.973,4.7,0.07325000000000001,0.07349341945494135,7.011076310073265,0.0
2017-12-26 07:30:00,350.0,0,24.974444444444444,5.777777777777778,0.07138888888888889,0.07152990329250883,6.826069466772486,0.0
2017-12-26 07:35:00,350.0,0,24.963250000000002,6.550000000000001,0.07175000000000001,0.07194173550147709,6.835772700403567,0.0
2017-12-26 07:40:00,350.0,0,24.949499999999997,7.425,0.07250000000000001,0.07269468879706488,6.95184705353165,0.0
2017-12-26 07:45:00,350.0,0,24.94375,8.825,0.07175000000000001,0.07196809853700739,6.770875875831391,0.0
2017-12-26 07:50:00,350.0,0,24.927749999999996,10.25,0.07250000000000001,0.07275337378796443,6.957489988342382,0.0
2017-12-26 07:55:00,350.0,0,24.92222222222222,10.666666666666668,0.07250000000000001,0.0726586726520618,6.964890285226151,0.0
2017-12-26 08:00:00,350.0,0,24.91725,11.975000000000001,0.07300000000000001,0.07322509180079648,6.978710263647625,0.0
2017-12-26 08:05:00,350.0,0,24.923499999999997,12.85,0.07325000000000001,0.07343863526396019,7.054449640678795,0.0
2017-12-26 08:10:00,350.0,0,24.960555555555555,13.722222222222221,0.07111111111111111,0.07121702308710862,6.762305364099538,0.0
2017-12-26 08:15:00,350.0,0,24.97025,14.55,0.07300000000000001,0.07319746693041039,7.010494212252532,0.0
2017-12-26 08:20:00,350.0,0,24.98222222222222,14.75,0.07361111111111111,0.07375159451834123,7.0145813277268925,0.0
2017-12-26 08:25:00,350.0,0,24.98375,15.05,0.07250000000000001,0.07268845299784085,6.966919124393082,0.0
2017-12-26 08:30:00,350.0,0,24.994,16.0,0.07225000000000001,0.07245913613498182,6.889427324555857,0.0
2017-12-26 08:35:00,350.0,0,25.009249999999998,16.5,0.07375000000000001,0.07435711042000367,7.100672605153242,0.0
2017-12-26 08:40:00,350.0,0,25.039249999999996,16.625,0.08049999999999999,0.08294578392301452,7.689616649898187,0.0
2017-12-26 08:45:00,350.0,0,25.02861111111111,16.86111111111111,0.07333333333333333,0.07360604783026223,7.049269323320695,0.0
2017-12-26 08:50:00,350.0,0,25.07375,16.15,0.07300000000000001,0.07318010859037949,6.939249601798074,0.0
2017-12-26 08:55:00,350.0,0,25.024,16.175,0.07550000000000001,0.07576083180044871,7.308261939402676,0.0
2017-12-26 09:00:00,350.0,0,25.02825,16.45,0.07325000000000001,0.0733806282100101,7.020483289372663,0.0
2017-12-26 09:05:00,350.0,0,25.025625,17.09375,0.07250000000000001,0.07262678392104331,6.946382920972244,0.0
2017-12-26 09:10:00,350.0,0,25.03,17.25,0.075,0.075,7.152793847613788,0.0
2018-01-10 15:25:00,370.0,9,25.554444444444446,28.25,0.3552777777777778,0.4339715414723371,18.011491763929463,3.0
2018-01-10 15:30:00,370.0,4,25.6425,27.825,0.278,0.2988783422538414,16.55677011916108,3.0
2018-01-10 15:35:00,370.55555555555554,12,25.70277777777778,26.25,0.30277777777777776,0.327109673587652,17.426602806170642,3.0
2018-01-10 15:40:00,375.5,9,25.746500000000005,24.1,0.19825,0.2395763153630312,13.892569999806682,3.0
2018-01-10 15:45:00,381.0,17,25.7855,25.775,0.30949999999999994,0.3652279045369371,17.420762975034435,3.0
2018-01-10 15:50:00,410.5,19,25.84325,24.425,0.5187499999999999,0.6458993149603185,19.408736924055535,3.0
2018-01-10 15:55:00,425.55555555555554,17,25.84833333333333,21.0,0.33194444444444443,0.43579945945380616,17.15628278392669,3.0
2018-01-10 16:00:00,464.0,10,25.82075,19.075000000000003,0.23700000000000002,0.2616061271908835,14.684449197791958,3.0
2018-01-10 16:05:00,475.5,10,25.81575,17.75,0.26325,0.3672027605148037,14.317582942653509,3.0
2018-01-10 16:10:00,507.77777777777777,11,25.84138888888889,18.61111111111111,0.3008333333333334,0.3931288128550464,16.742932844786246,3.0
2018-01-10 16:15:00,538.5,9,25.832750000000004,18.25,0.23199999999999998,0.29542986502184415,14.626076578717111,3.0
2018-01-10 16:20:00,573.3333333333334,4,25.84777777777778,15.333333333333334,0.3036111111111111,0.5037772421407031,12.745550974142033,3.0
2018-01-10 16:25:00,601.5,6,25.84425,14.075000000000001,0.22775,0.40816631455314284,12.16969317936719,3.0
2018-01-10 16:30:00,626.6666666666666,8,25.841944444444444,13.11111111111111,0.1813888888888889,0.21119997131070006,13.369472379981193,3.0
2018-01-10 16:35:00,672.0,13,25.86975,13.774999999999999,0.21225,0.2507139614087408,13.845482278400919,3.0
2018-01-10 16:40:00,688.0,19,25.896,13.700000000000001,0.2185,0.25871708430904417,14.571198791160874,3.0
2018-01-10 16:45:00,722.7777777777778,15,25.878888888888888,10.86111111111111,0.23777777777777778,0.29044270009192286,14.943992221040984,3.0
2018-01-10 16:50:00,744.0,14,25.896250000000002,9.425,0.246,0.2938988375260946,14.650922254795612,3.0
2018-01-10 16:55:00,756.0,13,25.900750000000002,7.175000000000001,0.29125,0.4026954156375768,15.508285255287962,3.0
2018-01-10 17:00:00,777.0,17,25.916249999999998,130.275,0.22975,0.2804770984629805,14.3707864548111,3.0
2018-01-10 17:05:00,785.0,12,25.944444444444446,147.13888888888889,0.2880555555555556,0.3651295768189381,16.39988263861985,3.0
2018-01-10 17:10:00,808.3333333333334,16,25.958333333333332,144.80555555555557,0.27416666666666667,0.3579470214287709,15.56339054493216,2.0
2018-01-10 17:15:00,806.5,10,25.96,143.32500000000002,0.33875,0.5575843324989879,14.713035319547794,2.0
2018-01-10 17:20:00,805.5,15,25.975750000000005,143.04999999999998,0.28575,0.3483588216696786,15.952924911370426,2.0
2018-01-10 17:25:00,829.0,18,25.981250000000003,142.25,0.47975,0.5049350645515694,22.002396269325352,2.0
2018-01-10 17:30:00,835.5,13,25.989000000000004,141.275,0.3695,0.402696653836327,19.310152490526363,2.0
2018-01-10 17:35:00,833.3333333333334,16,25.99083333333333,116.11111111111111,0.47722222222222227,0.6087421181937394,20.49428291505817,2.0
2018-01-10 17:40:00,846.0,10,25.999499999999998,95.64999999999999,0.3695,0.42602791868550044,18.118202752039554,2.0
2018-01-10 17:45:00,831.5,6,25.99725,95.5,0.28675000000000006,0.3065152101595501,17.1474520175302,2.0
2018-01-10 17:50:00,837.5,19,25.976,95.35,0.33699999999999997,0.36801508883410455,18.51476202446271,2.0
2018-01-10 17:55:00,847.7777777777778,11,25.97833333333333,41.88888888888889,0.49083333333333334,0.8623704963358396,15.51327905844719,0.0
2018-01-10 18:00:00,841.1111111111111,0,25.943333333333335,0.0,0.06833333333333333,0.06976662456566014,6.283965867105666,0.0
2018-01-10 18:05:00,826.0,0,25.88675,0.0,0.065,0.0652898385686461,5.9647145649405555,0.0
2018-01-10 18:10:00,806.0,0,25.856,0.0,0.08725,0.11161398529141886,7.22566274364152,0.0
2018-01-10 18:15:00,785.5,0,25.802499999999995,0.0,0.08499999999999999,0.09428001348042338,7.690238615561848,0.0
2018-01-10 18:20:00,763.3333333333334,0,25.77,0.0,0.06694444444444445,0.06721420628711913,6.26434449384135,0.0
2018-01-10 18:25:00,751.5,0,25.755499999999998,0.0,0.0675,0.06773033412635472,6.312034509657586,0.0
2018-01-10 18:30:00,734.0,0,25.723999999999997,0.0,0.06725,0.06746614747077963,6.307269683405549,0.0
2018-01-10 18:35:00,719.5,0,25.698,0.0,0.066,0.06624871281618704,6.160896594160511,0.0
2018-01-10 18:40:00,685.5,0,25.6635,0.0,0.06475,0.06506086211624333,5.959564586620649,0.0
2018-01-10 18:45:00,662.7777777777778,0,25.65083333333333,0.0,0.07944444444444444,0.09079311234560508,7.1245266590326715,0.0
2018-01-10 18:50:00,653.0,0,25.641000000000002,0.0,0.06625,0.06646770186162299,6.192680542765418,0.0
2018-01-10 18:55:00,631.6666666666666,0,25.614722222222223,0.0,0.06916666666666667,0.06963438436419563,6.55714726793544,0.0
2018-01-10 19:00:00,625.5,0,25.5985,0.0,0.086,0.09488016126677341,7.878963954037953,0.0
2018-01-10 19:05:00,611.5,0,25.5895,0.0,0.06525,0.06552577706209482,6.018229090591778,0.0
2018-01-10 19:10:00,593.3333333333334,0,25.563333333333333,0.0,0.06527777777777778,0.06542116266864421,6.0133733446231865,0.0
2018-01-10 19:15:00,577.0,0,25.562,0.0,0.066,0.06618848004207942,6.156804324901914,0.0
2018-01-10 19:20:00,550.5,0,25.55975,0.0,0.067,0.06722096865121004,6.247162318305241,0.0
2018-01-10 19:25:00,528.5,0,25.531999999999996,0.0,0.0665,0.06673216648873428,6.224374032197614,0.0
2018-01-10 19:30:00,511.5,0,25.518500000000003,0.0,0.0665,0.06755917500767164,6.102904647182823,0.0
2018-01-10 19:35:00,493.8888888888889,0,25.50888888888889,0.0,0.06666666666666667,0.0669374676395755,6.191153676820178,0.0
2018-01-10 19:40:00,484.5,0,25.4925,0.0,0.0655,0.06568457789130983,6.040385639550317,0.0
2018-01-10 19:45:00,478.0,0,25.485,0.0,0.06425,0.0644048893099105,5.903262085853362,0.0
2018-01-10 19:50:00,452.5,0,25.473,0.0,0.07075000000000001,0.07455682325052991,6.534265029734499,0.0
2018-01-10 19:55:00,438.3333333333333,0,25.461111111111112,0.0,0.09972222222222223,0.13903767011031812,7.832949528297214,0.0
2018-01-10 20:00:00,424.44444444444446,0,25.461666666666666,0.0,0.0661111111111111,0.0662782833326035,6.189331669173463,0.0
2018-01-10 20:05:00,417.5,0,25.4595,0.0,0.067,0.06719635267243054,6.264931905110027,0.0
2018-01-10 20:10:00,394.5,0,25.4535,0.0,0.06675,0.06693776144551358,6.218166344816398,0.0
2018-01-10 20:15:00,390.5,0,25.43525,0.0,0.066,0.06617041558644468,6.140715364823526,0.0
2018-01-10 20:20:00,388.8888888888889,0,25.441666666666666,0.0,0.06333333333333334,0.06348946387938123,5.7389770251020185,0.0
2018-01-10 20:25:00,385.0,0,25.4455,0.0,0.06375,0.06393206476143184,5.775281501078195,0.0
2018-01-10 20:30:00,385.0,0,25.424999999999997,0.0,0.0665,0.06671448803483616,6.213779382662645,0.0
2018-01-10 20:35:00,384.5,0,25.42025,0.0,0.06475,0.06495955529416966,5.941835819660218,0.0
2018-01-10 20:40:00,380.0,0,25.408,0.0,0.06575,0.06598349735444026,6.067741806157118,0.0
2018-01-10 20:45:00,380.0,0,25.40277777777778,0.0,0.06472222222222222,0.06487667223798445,5.988800312274092,0.0
2018-01-10 20:50:00,380.0,0,25.39111111111111,0.0,0.06583333333333333,0.06604156945393484,6.110071944968612,0.0
2018-01-10 20:55:00,376.0,0,25.38425,0.0,0.06475,0.06496359915788996,5.950700203140434,0.0
2018-01-10 21:00:00,375.0,0,25.37825,0.0,0.06325,0.06341020719492495,5.724423671525971,0.0
2018-01-10 21:05:00,374.0,0,25.375500000000002,0.0,0.06475,0.06491905074570502,6.01143930538983,0.0
2018-01-10 21:10:00,370.0,0,25.371944444444445,0.0,0.06638888888888889,0.06677873722553651,6.086025905283712,0.0
2018-01-10 21:15:00,370.0,0,25.3465,0.0,0.07600000000000001,0.09002636288282503,6.502574921909615,0.0
2018-01-10 21:20:00,370.0,0,25.345,0.0,0.0665,0.0667222745314524,6.221676516254261,0.0
2018-01-10 21:25:00,368.5,0,25.342,0.0,0.06575,0.06597196284488221,6.068414363150561,0.0
2018-01-10 21:30:00,365.0,0,25.339,0.0,0.06775,0.0685857590324525,6.363891883176521,0.0
2018-01-10 21:35:00,365.0,0,25.321388888888887,0.0,0.06555555555555556,0.06578213447576325,6.040661535741779,0.0
2018-01-10 21:40:00,364.0,0,25.317999999999998,0.0,0.06575,0.06595497829230432,6.043132794822027,0.0
2018-01-10 21:45:00,360.0,0,25.314722222222223,0.0,0.065,0.0651912054423306,5.9933472781169765,0.0
2018-01-10 21:50:00,360.0,0,25.31025,0.0,0.07624999999999998,0.09122049625390763,6.475041419857309,0.0
2018-01-10 21:55:00,360.0,0,25.3045,0.0,0.0645,0.06467161441936536,5.921663409807237,0.0
2018-01-10 22:00:00,360.0,0,25.289722222222224,0.0,0.06611111111111112,0.06720537839573201,6.117771815749741,0.0
2018-01-10 22:05:00,357.0,0,25.293,0.0,0.063,0.06328606257532807,5.674910955960632,0.0
2018-01-10 22:10:00,355.0,0,25.287,0.0,0.06475,0.06496334980787223,5.943525265870617,0.0
2018-01-10 22:15:00,355.0,0,25.28425,0.0,0.065,0.06524866621452194,5.912749386998664,0.0
2018-01-10 22:20:00,355.0,0,25.2825,0.0,0.065,0.06520561854599508,5.89232310409488,0.0
2018-01-10 22:25:00,353.8888888888889,0,25.276666666666664,0.0,0.065,0.06520752821432554,6.008171505679953,0.0
2018-01-10 22:30:00,351.5,0,25.25975,0.0,0.0645,0.06476715818831254,5.952094956455676,0.0
2018-01-10 22:35:00,350.0,0,25.253999999999998,0.0,0.06825,0.07023823145127416,6.224797734265607,0.0
2018-01-10 22:40:00,350.0,0,25.24825,0.0,0.064,0.06418602536699326,5.809722145782102,0.0
2018-01-10 22:45:00,350.0,0,25.24625,0.0,0.065,0.06520280790155623,5.96050157087942,0.0
2018-01-10 22:50:00,347.5,0,25.244,0.0,0.06575,0.06598991140984183,6.072801325304313,0.0
2018-01-10 22:55:00,345.0,0,25.244,0.0,0.0645,0.06464383379009664,5.8908875309352835,0.0
2018-01-10 23:00:00,345.0,0,25.244249999999997,0.0,0.06475,0.06492388709393451,5.974546198309371,0.0
2018-01-10 23:05:00,345.0,0,25.2425,0.0,0.06475,0.0649251450049386,5.900465291253296,0.0
2018-01-10 23:10:00,345.0,0,25.229375,0.0,0.06375,0.06392131337454007,5.74496845434976,0.0
2018-01-10 23:15:00,345.0,0,25.2245,0.0,0.065,0.06520253648734249,5.968379330772509,0.0
2018-01-10 23:20:00,345.0,0,25.232,0.0,0.065,0.06640991395797993,5.82200624152747,0.0
2018-01-10 23:25:00,345.0,0,25.208,0.0,0.0675,0.0676934465118102,6.288777900278964,0.0
2018-01-10 23:30:00,345.0,0,25.2155,0.0,0.065,0.06519913957330464,5.911059940788264,0.0
2018-01-10 23:35:00,345.0,0,25.21,0.0,0.0636111111111111,0.06391676498217053,5.775321890267745,0.0
2018-01-10 23:40:00,345.0,0,25.205,0.0,0.06472222222222222,0.06497998603146671,5.91751274059126,0.0
2018-01-10 23:45:00,345.0,0,25.19125,0.0,0.067,0.06742668304670205,6.175426069202761,0.0
2018-01-10 23:50:00,345.0,0,25.1835,0.0,0.06525,0.0654509729794722,6.023001204813399,0.0
2018-01-10 23:55:00,345.0,0,25.2015,0.0,0.07200000000000001,0.07452900541726915,6.7564420041207836,0.0
2018-01-11 00:00:00,345.0,0,25.177777777777777,0.0,0.065,0.06515108639453382,6.0016468671891685,0.0
2018-01-11 00:05:00,345.0,0,25.18,0.0,0.06475,0.0649733511570997,5.945255531925371,0.0
2018-01-11 00:10:00,345.0,0,25.185499999999998,0.0,0.0635,0.063686490419192,5.7285159407845665,0.0
2018-01-11 00:15:00,345.0,0,25.168,0.0,0.06325,0.0634961601185059,5.721676516254261,0.0
2018-01-11 00:20:00,345.0,0,25.174249999999997,0.0,0.0665,0.06680643388078798,6.139838574107637,0.0
2018-01-11 00:25:00,345.0,0,25.151666666666664,0.0,0.06472222222222222,0.06490410118741884,5.951607651368196,0.0
2018-01-11 00:30:00,345.0,0,25.1465,0.0,0.06325,0.06346524711100907,5.711032227390935,0.0
2018-01-11 00:35:00,345.0,0,25.16583333333333,0.0,0.0636111111111111,0.06379872980359791,5.77152220997313,0.0
2018-01-11 00:40:00,345.0,0,25.15725,0.0,0.06425,0.06446551349684468,5.845648002973961,0.0
2018-01-11 00:45:00,345.0,0,25.153333333333336,0.0,0.06416666666666668,0.06435670430386066,5.831355585962835,0.0
2018-01-11 00:50:00,345.0,0,25.1415,0.0,0.06225,0.062408357238789264,5.587923035494102,0.0
2018-01-11 00:55:00,345.0,0,25.134,0.0,0.06475,0.06489205479823011,6.013842128438027,0.0
2018-01-11 01:00:00,345.0,0,25.131,0.0,0.0645,0.06468756420907915,5.909329674733511,0.0
2018-01-11 01:05:00,345.0,0,25.122,0.0,0.0645,0.06476837393541332,5.887173125774973,0.0
2018-01-11 01:10:00,345.0,0,25.131944444444443,0.0,0.06333333333333334,0.0634903055699719,5.720353117244428,0.0
2018-01-11 01:15:00,345.0,0,25.131,0.0,0.0655,0.06566989238075097,6.059172115572059,0.0
2018-01-11 01:20:00,345.0,0,25.128,0.0,0.064,0.06418937303943842,5.846615252862561,0.0
2018-01-11 01:25:00,345.0,0,25.11,0.0,0.06225,0.062408357238789264,5.587923035494102,0.0
2018-01-11 01:30:00,345.0,0,25.0995,0.0,0.0665,0.06666268712325342,6.1741391203104765,0.0
2018-01-11 01:35:00,345.0,0,25.1025,0.0,0.064375,0.06454021012438281,5.865850678456772,0.0
2018-01-11 01:40:00,345.0,0,25.0935,0.0,0.065,0.06517132043312443,5.907599408678758,0.0
2018-01-11 01:45:00,345.0,0,25.11,0.0,0.065,0.06517749886700905,6.007002703907721,0.0
2018-01-11 01:50:00,345.0,0,25.107,0.0,0.06425,0.06444732958739115,5.852732481071067,0.0
2018-01-11 01:55:00,345.0,0,25.107,0.0,0.06325,0.06342619868471437,5.7752815010781955,0.0
2018-01-11 02:00:00,345.0,0,25.1,0.0,0.06444444444444444,0.06462653391706341,5.978950997296074,0.0
2018-01-11 02:05:00,345.0,0,25.0965,0.0,0.06375,0.06404569111608088,5.768401256703536,0.0
2018-01-11 02:10:00,345.0,0,25.1025,0.0,0.06200000000000001,0.06215530422719555,5.533056107886411,0.0
2018-01-11 02:15:00,345.0,0,25.0995,0.0,0.06375,0.06394144365879241,5.819349545428471,0.0
2018-01-11 02:20:00,345.0,0,25.0935,0.0,0.0645,0.06466782242798604,5.893585046878636,0.0
2018-01-11 02:25:00,345.0,0,25.096666666666668,0.0,0.06611111111111112,0.06625670743914867,6.076724319739945,0.0
2018-01-11 02:30:00,345.0,0,25.085,0.0,0.06444444444444444,0.06465010343385191,5.8936416384078205,0.0
2018-01-11 02:35:00,345.0,0,25.086000000000002,0.0,0.064,0.06418916246912568,5.832600891062439,0.0
2018-01-11 02:40:00,345.0,0,25.0755,0.0,0.06225000000000001,0.06243310902852673,5.541920491366627,0.0
2018-01-11 02:45:00,345.0,0,25.086000000000002,0.0,0.0635,0.06370731735875712,5.799940151741643,0.0
2018-01-11 02:50:00,345.0,0,25.09166666666667,0.0,0.06277777777777778,0.06298085743914031,5.66764409803657,0.0
2018-01-11 02:55:00,345.0,0,25.083000000000002,0.0,0.06375,0.06395728106969618,5.778946266910149,0.0
2018-01-11 03:00:00,345.0,0,25.081500000000002,0.0,0.065,0.06523415284686715,5.952430469195187,0.0
2018-01-11 03:05:00,345.0,0,25.086000000000002,0.0,0.0645,0.06472526832190269,5.898735025198542,0.0
2018-01-11 03:10:00,345.0,0,25.080000000000002,0.0,0.065,0.0652926541186203,5.985803072337034,0.0
2018-01-11 03:15:00,345.0,0,25.081500000000002,0.0,0.06475,0.0649412542332141,5.935628132279001,0.0
2018-01-11 03:20:00,345.0,0,25.089000000000002,0.0,0.064,0.06422400853030692,5.842137831536098,0.0
2018-01-11 03:25:00,345.0,0,25.09166666666667,0.0,0.06472222222222222,0.06506124800279549,5.908420510588183,0.0
2018-01-11 03:30:00,345.0,0,25.093500000000002,0.0,0.06475,0.06493361220072819,5.920983564844212,0.0
2018-01-11 03:35:00,345.0,0,25.08833333333333,0.0,0.0675,0.0676689032522174,6.2806825650011415,0.0
2018-01-11 03:40:00,345.0,0,25.084500000000002,0.0,0.065,0.06515579680327006,5.902491781717627,0.0
2018-01-11 03:45:00,345.0,0,25.080000000000002,0.0,0.06575,0.0659166662701143,6.003829576723789,0.0
2018-01-11 03:50:00,345.0,0,25.078500000000002,0.0,0.06675,0.06690523578618357,6.192204931524838,0.0
2018-01-11 03:55:00,345.0,0,25.065,0.0,0.06425,0.06441241448932711,5.884140097092109,0.0
2018-01-11 04:00:00,345.0,0,25.063333333333336,0.0,0.06444444444444444,0.06463515963659283,5.871975135230556,0.0
2018-01-11 04:05:00,345.0,0,25.071,0.0,0.066,0.06622984348704042,6.120248262075388,0.0
2018-01-11 04:10:00,345.0,0,25.062,0.0,0.06575,0.06594466855084334,6.076221037569466,0.0
2018-01-11 04:15:00,345.0,0,25.0695,0.0,0.06625,0.06641581675281064,6.1516470586124266,0.0
2018-01-11 04:20:00,345.0,0,25.0665,0.0,0.065,0.06520245818532808,5.974883242563303,0.0
2018-01-11 04:25:00,345.0,0,25.044375,0.0,0.06625,0.06640186201261444,6.0934471887656745,0.0
2018-01-11 04:30:00,345.0,0,25.05,0.0,0.06625,0.06646312930669229,6.119231372858431,0.0
2018-01-11 04:35:00,345.0,0,25.041,0.0,0.0665,0.06669881195212016,6.160511442092643,0.0
2018-01-11 04:40:00,345.0,0,25.0485,0.0,0.06675,0.06686453655864003,6.24311240040542,0.0
2018-01-11 04:45:00,345.0,0,25.041,0.0,0.064,0.0641963399449832,5.814536611362497,0.0
2018-01-11 04:50:00,345.0,0,25.043333333333333,0.0,0.06444444444444444,0.06464435730512866,5.883746968047188,0.0
2018-01-11 04:55:00,345.0,0,25.044,0.0,0.067,0.06713502880768438,6.249524321509083,0.0
2018-01-11 05:00:00,345.0,0,25.038,0.0,0.06475,0.06492467307593816,5.9298479483244275,0.0
2018-01-11 05:05:00,345.0,0,25.032,0.0,0.0645,0.0646194828459286,5.844205141844784,0.0
2018-01-11 05:10:00,345.0,0,25.0365,0.0,0.0645,0.06473239000223048,5.919343757962169,0.0
2018-01-11 05:15:00,345.0,0,25.033055555555556,0.0,0.06555555555555556,0.06578805593798226,6.01792031046607,0.0
2018-01-11 05:20:00,345.0,0,25.026666666666667,0.0,0.06694444444444445,0.06710912525460767,6.219244308296325,0.0
2018-01-11 05:25:00,345.0,0,25.02725,0.0,0.0645,0.06467738097671659,5.87282325123534,0.0
2018-01-11 05:30:00,345.0,0,25.02725,0.0,0.06575,0.06590978808275791,6.05473704560437,0.0
2018-01-11 05:35:00,345.0,0,25.014166666666664,0.0,0.06527777777777777,0.06543400831616596,5.984199893304613,0.0
2018-01-11 05:40:00,345.0,0,25.018749999999997,0.0,0.0655,0.06567215302314065,6.0683735433062065,0.0
2018-01-11 05:45:00,345.0,0,25.00575,0.0,0.06425,0.0644384816508313,5.871856001346741,0.0
2018-01-11 05:50:00,345.0,0,25.00375,0.0,0.066,0.06623372751890672,6.099772339843246,0.0
2018-01-11 05:55:00,345.0,0,25.002,0.0,0.0655,0.06570917733680187,5.983025429721719,0.0
2018-01-11 06:00:00,345.0,0,24.994722222222222,0.0,0.0661111111111111,0.0662625816877738,6.100597123606074,0.0
2018-01-11 06:05:00,345.0,0,24.999,0.0,0.06475,0.06486732244578512,5.931537394534827,0.0
2018-01-11 06:10:00,345.0,0,24.999,0.0,0.06425,0.06441187484407636,5.870125735291988,0.0
2018-01-11 06:15:00,345.0,0,24.985,0.0,0.06675,0.06698967504024124,6.142355171705569,0.0
2018-01-11 06:20:00,345.0,0,24.992777777777775,0.0,0.0661111111111111,0.06636561580980121,6.088078005241173,0.0
2018-01-11 06:25:00,345.0,0,24.991111111111113,0.0,0.06583333333333333,0.06606255858504306,6.1020997924465945,0.0
2018-01-11 06:30:00,345.0,0,24.98,0.0,0.06575,0.06597033445107645,6.055031738499528,0.0
2018-01-11 06:35:00,345.0,0,24.976499999999998,0.0,0.06575,0.06593126654170754,5.999401794725683,0.0
2018-01-11 06:40:00,345.0,0,24.976499999999998,0.0,0.0655,0.06572884116804574,6.040050126810805,0.0
2018-01-11 06:45:00,345.0,0,24.97475,0.0,0.067,0.06718142714881069,6.260118971044053,0.0
2018-01-11 06:50:00,345.0,0,24.968333333333334,0.0,0.06638888888888889,0.06658655670499432,6.1791095622626555,0.0
2018-01-11 06:55:00,345.0,0,24.9695,0.375,0.0665,0.06665533068530437,6.138599946700905,0.0
2018-01-11 07:00:00,345.0,0,24.96625,0.875,0.06675,0.06691151106801208,6.197649602739903,0.0
2018-01-11 07:05:00,345.0,0,24.96475,1.375,0.06675,0.06698957073654636,6.205546736331518,0.0
2018-01-11 07:10:00,345.0,0,24.958499999999997,1.95,0.069,0.06952692743772096,6.492562370195378,0.0
2018-01-11 07:15:00,345.0,0,24.958125,2.375,0.065625,0.06581499357561399,5.996265097655639,0.0
2018-01-11 07:20:00,345.0,0,24.959999999999997,3.5500000000000003,0.066,0.06626364003589015,6.116533856915078,0.0
2018-01-11 07:25:00,345.0,0,24.949499999999997,3.975,0.0665,0.06676750368514646,6.168703268579415,0.0
2018-01-11 07:30:00,345.0,0,24.95425,4.6,0.0665,0.06670846003614589,6.155361463772737,0.0
2018-01-11 07:35:00,345.0,0,24.954166666666666,5.638888888888889,0.06666666666666667,0.06684543958376563,6.100869405346963,0.0
2018-01-11 07:40:00,345.0,0,24.957749999999997,6.45,0.06575,0.06591751217856262,6.063896121979743,0.0
2018-01-11 07:45:00,345.0,0,24.95275,7.625,0.066,0.06620304107018349,6.0806079997232185,0.0
2018-01-11 07:50:00,345.0,0,24.93875,9.65,0.06525,0.06539036204052698,5.942377097636596,0.0
2018-01-11 07:55:00,345.0,0,24.94925,11.025,0.066,0.06621390228137237,6.098042073788493,0.0
2018-01-11 08:00:00,345.0,0,24.950555555555557,12.25,0.06416666666666666,0.06434460233385716,5.802564726003721,0.0
2018-01-11 08:05:00,345.0,0,24.95675,13.125,0.06575,0.06592564141553378,6.026708322004127,0.0
2018-01-11 08:10:00,345.0,0,24.967,14.225,0.06525,0.06545056389871752,5.981000470771809,0.0
2018-01-11 08:15:00,345.0,0,24.985,15.0,0.06638888888888889,0.06656867671903897,6.130145068540127,0.0
2018-01-11 08:20:00,345.0,0,24.990249999999996,15.4,0.06575,0.06595359107452971,6.099821979171603,0.0
2018-01-11 08:25:00,345.0,0,25.002499999999998,15.86111111111111,0.06555555555555555,0.0657311863797285,6.04028874380899,0.0
2018-01-11 08:30:00,345.0,0,24.990249999999996,16.15,0.06725,0.06741572686774097,6.31916862708305,0.0
2018-01-11 08:35:00,345.0,0,25.002249999999997,16.525,0.0665,0.06667289988172634,6.168653629251059,0.0
2018-01-11 08:40:00,345.0,0,25.004749999999998,16.3,0.06575,0.06585718033571164,6.09905896300545,0.0
2018-01-11 08:45:00,345.0,0,25.013749999999998,16.85,0.0695,0.06981127232778564,6.605889568051752,0.0
2018-01-11 08:50:00,345.0,0,25.021874999999998,16.875,0.066875,0.06700730554934901,6.267138561776202,0.0
2018-01-11 08:55:00,345.0,0,25.02575,17.05,0.06925,0.07017401769193715,6.5132587127744905,0.0
2018-01-11 09:00:00,345.0,0,25.0325,17.25,0.0675,0.0675,6.416506143517748,0.0
